Thu Jun 14 23:35:08 +0000 2018,Out of Bitcoin  Ethereum  Litecoin  and Bitcoin Cash  what coin do you think will have the greatest gains in the ne‚Ä¶ https://t.co/feyOGbU8fa,4
Thu Jun 14 23:20:08 +0000 2018,The ICO is now over!!üèÜüèÜ We will be burning a ton of coins soon!!üí∞üí∞ Details will be announced soon üîúüîú Stay tuned for‚Ä¶ https://t.co/kGCEupkI8L,270
Thu Jun 14 23:19:58 +0000 2018,#TRON $TRX #TRX airdrop to the #Ethereum #ETH community has been successfully completed https://t.co/hqziAqsvV7,954
Thu Jun 14 23:13:29 +0000 2018,News flash.. most projects are trash.. Stay safe out there. #bitcoin #cryptocurrency $BTC $ETH #blockchain‚Ä¶ https://t.co/qMClXa4Wts,11
Thu Jun 14 23:12:50 +0000 2018,SEC‚Äôs positive remark on ETH as not a security  https://t.co/2D8xV37kQ3,0
Thu Jun 14 23:11:42 +0000 2018,@FelixWeis Use cases of ETH? Serve as warning for others. Prior to ETH many of the dangers warned about by Bitcoin‚Ä¶ https://t.co/4co9gde01S,1
Thu Jun 14 23:02:08 +0000 2018,#TRON $TRX #TRX airdrop to the #Ethereum #ETH community has been successfully completed https://t.co/hqziAqsvV7,954
Thu Jun 14 23:00:57 +0000 2018,Top 5  $BCD $BTC on @kucoincom +41%  $QASH $TPAY on @quoine_SG +27%  $DOV $ETH on @hitbtc +19%  $BETR $BTC on‚Ä¶ https://t.co/lAlvk2zPkK,0
Thu Jun 14 22:58:12 +0000 2018,#TRON $TRX #TRX airdrop to the #Ethereum #ETH community has been successfully completed https://t.co/hqziAqsvV7,954
Thu Jun 14 22:44:09 +0000 2018,Big news. SEC no longer classifies #Bitcoin and #ETH as securities.,4
Thu Jun 14 22:39:03 +0000 2018,#Russia score the first goal of the 2018 #FifaWorldCup2018  #CRYPTO #CRYPTOCURRENCY $BTC $LTC $ETH‚Ä¶ https://t.co/gtRFRHCeKG,1
Thu Jun 14 22:35:11 +0000 2018,@FelixWeis This was not just a flippant remark. The big blocker antagonists have been reckless as heck. After ETH h‚Ä¶ https://t.co/Eo7jlENHrt,0
Thu Jun 14 22:33:52 +0000 2018,a tragic number of people bought ETH at $1300,0
Thu Jun 14 22:32:38 +0000 2018,Why #TRON is better than #ETH: 1. 2000TPS vs. 25TPS 2. Popular sovereignty of token vs. Authoritarian rules 3. 100M‚Ä¶ https://t.co/SvGcPCpzHd,1187
Thu Jun 14 22:26:00 +0000 2018,@FelixWeis Use cases of ETH? Serve as warning for others. Prior to ETH many of the dangers warned about by Bitcoin‚Ä¶ https://t.co/4co9gde01S,1
Thu Jun 14 22:20:48 +0000 2018,A very promising announcement at #YahooAMS ‚Äì $ETH and $LTC are up over 10%  $BCH  $DASH  $XRP up over 8%! https://t.co/YlnjX5MoXl,10
Thu Jun 14 22:16:42 +0000 2018,what's good for the ETH goose is good for the gander,0
Thu Jun 14 22:15:14 +0000 2018,News flash.. most projects are trash.. Stay safe out there. #bitcoin #cryptocurrency $BTC $ETH #blockchain‚Ä¶ https://t.co/qMClXa4Wts,11
Thu Jun 14 22:14:58 +0000 2018,News flash.. most projects are trash.. Stay safe out there. #bitcoin #cryptocurrency $BTC $ETH #blockchain‚Ä¶ https://t.co/qMClXa4Wts,11
Thu Jun 14 22:07:59 +0000 2018,The ICO is now over!!üèÜüèÜ We will be burning a ton of coins soon!!üí∞üí∞ Details will be announced soon üîúüîú Stay tuned for‚Ä¶ https://t.co/kGCEupkI8L,270
Thu Jun 14 22:07:10 +0000 2018,#REDPILLCOIN #REDPILL #ICO #BTC #ETH https://t.co/uYjzV5gZHy,651
Thu Jun 14 22:07:03 +0000 2018,#REDPILLCOIN #REDPILL #ICO #BTC #ETH https://t.co/lSwbz7Xsqt,711
Thu Jun 14 22:05:16 +0000 2018,11/ I'd consider the bet on #zencash to have a significantly worse risk profile than betting on #etc over #eth. Not‚Ä¶ https://t.co/2ktzLGFUm2,0
Thu Jun 14 22:01:16 +0000 2018,#TRON $TRX #TRX airdrop to the #Ethereum #ETH community has been successfully completed https://t.co/hqziAqsvV7,954
Thu Jun 14 22:00:57 +0000 2018,Top 5  $QASH $LDC on @quoine_SG +78%  $ETH $1WO on @quoine_SG +25%  $ACT $ETH on @hitbtc +22%  $TBT $BTC on‚Ä¶ https://t.co/dKtHvyefyj,0
Thu Jun 14 21:58:39 +0000 2018,A very promising announcement at #YahooAMS ‚Äì $ETH and $LTC are up over 10%  $BCH  $DASH  $XRP up over 8%! https://t.co/YlnjX5MoXl,10
Thu Jun 14 21:57:06 +0000 2018,A very promising announcement at #YahooAMS ‚Äì $ETH and $LTC are up over 10%  $BCH  $DASH  $XRP up over 8%! https://t.co/YlnjX5MoXl,10
Thu Jun 14 21:47:18 +0000 2018,Three days later  SEC declares that it doesn't believe ETH to be a security.   This is what information asymmetries‚Ä¶ https://t.co/YH0RE9ZuJN,0
Thu Jun 14 21:41:53 +0000 2018,#TRON $TRX #TRX airdrop to the #Ethereum #ETH community has been successfully completed https://t.co/hqziAqsvV7,954
Thu Jun 14 21:34:34 +0000 2018,A very promising announcement at #YahooAMS ‚Äì $ETH and $LTC are up over 10%  $BCH  $DASH  $XRP up over 8%! https://t.co/YlnjX5MoXl,10
Thu Jun 14 21:22:39 +0000 2018,A very promising announcement at #YahooAMS ‚Äì $ETH and $LTC are up over 10%  $BCH  $DASH  $XRP up over 8%! https://t.co/YlnjX5MoXl,10
Thu Jun 14 21:19:02 +0000 2018,A very promising announcement at #YahooAMS ‚Äì $ETH and $LTC are up over 10%  $BCH  $DASH  $XRP up over 8%! https://t.co/YlnjX5MoXl,10
Thu Jun 14 21:17:58 +0000 2018,The 'market correction' seems to be over - time to see green again!   Here's the important things to take away from‚Ä¶ https://t.co/O0oh24UMSQ,3
Thu Jun 14 21:17:12 +0000 2018,#REDPILLCOIN #REDPILL #ICO #BTC #ETH https://t.co/JI1Bulwkic,450
Thu Jun 14 21:16:46 +0000 2018,#TRON $TRX #TRX will be listed on @TradeSatoshi  it will support TRX deposit  withdraw and trading since Jun  26  2‚Ä¶ https://t.co/ft9LP4yJMt,187
Thu Jun 14 21:15:27 +0000 2018,News flash.. most projects are trash.. Stay safe out there. #bitcoin #cryptocurrency $BTC $ETH #blockchain‚Ä¶ https://t.co/qMClXa4Wts,11
Thu Jun 14 21:15:20 +0000 2018,News flash.. most projects are trash.. Stay safe out there. #bitcoin #cryptocurrency $BTC $ETH #blockchain‚Ä¶ https://t.co/qMClXa4Wts,11
Thu Jun 14 21:12:41 +0000 2018,A very promising announcement at #YahooAMS ‚Äì $ETH and $LTC are up over 10%  $BCH  $DASH  $XRP up over 8%! https://t.co/YlnjX5MoXl,10
Thu Jun 14 21:11:35 +0000 2018,Why #TRON is better than #ETH: 1. 2000TPS vs. 25TPS 2. Popular sovereignty of token vs. Authoritarian rules 3. 100M‚Ä¶ https://t.co/SvGcPCpzHd,1187
Thu Jun 14 21:09:56 +0000 2018,A very promising announcement at #YahooAMS ‚Äì $ETH and $LTC are up over 10%  $BCH  $DASH  $XRP up over 8%! https://t.co/YlnjX5MoXl,10
Thu Jun 14 21:06:29 +0000 2018,‚ÄúSome digital assets could be structured more like a consumer item than a security  particularly if the asset is pu‚Ä¶ https://t.co/YfpR2NbdwF,1
Thu Jun 14 21:03:52 +0000 2018,News flash.. most projects are trash.. Stay safe out there. #bitcoin #cryptocurrency $BTC $ETH #blockchain‚Ä¶ https://t.co/qMClXa4Wts,11
Thu Jun 14 21:03:44 +0000 2018,News flash.. most projects are trash.. Stay safe out there. #bitcoin #cryptocurrency $BTC $ETH #blockchain‚Ä¶ https://t.co/qMClXa4Wts,11
Thu Jun 14 21:03:18 +0000 2018,News flash.. most projects are trash.. Stay safe out there. #bitcoin #cryptocurrency $BTC $ETH #blockchain‚Ä¶ https://t.co/qMClXa4Wts,11
Thu Jun 14 21:03:03 +0000 2018,‚ÄúSome digital assets could be structured more like a consumer item than a security  particularly if the asset is pu‚Ä¶ https://t.co/YfpR2NbdwF,1
Thu Jun 14 21:02:53 +0000 2018,News flash.. most projects are trash.. Stay safe out there. #bitcoin #cryptocurrency $BTC $ETH #blockchain‚Ä¶ https://t.co/qMClXa4Wts,11
Thu Jun 14 21:02:24 +0000 2018,#TRON $TRX #TRX airdrop to the #Ethereum #ETH community has been successfully completed https://t.co/hqziAqsvV7,954
Thu Jun 14 21:01:01 +0000 2018,Top 5  $ACO $ETH on @hitbtc +29%  $QASH $PLC on @quoine_SG +25%  $GBX $BTC on @hitbtc +21%  $NANO $BTC on @hitbtc‚Ä¶ https://t.co/TieZ0mkdCO,0
Thu Jun 14 21:00:45 +0000 2018,News flash.. most projects are trash.. Stay safe out there. #bitcoin #cryptocurrency $BTC $ETH #blockchain‚Ä¶ https://t.co/qMClXa4Wts,11
Thu Jun 14 20:52:23 +0000 2018,The 'market correction' seems to be over - time to see green again!   Here's the important things to take away from‚Ä¶ https://t.co/O0oh24UMSQ,3
Thu Jun 14 20:51:58 +0000 2018,#TRON $TRX #TRX will be listed on @TradeSatoshi  it will support TRX deposit  withdraw and trading since Jun  26  2‚Ä¶ https://t.co/ft9LP4yJMt,187
Thu Jun 14 20:47:46 +0000 2018,Apple is cracking down on crypto/dApps. SEC announced that ETH and BTC are not securities. What could this mean for‚Ä¶ https://t.co/hskLQldSc4,0
Thu Jun 14 20:43:56 +0000 2018,SEC announces cryptocurrency ether is not a security.  #Blockchain #fintech #btc #eth #xrp #ripple #neo #fsn #icx‚Ä¶ https://t.co/7oOLYev8ya,2
Thu Jun 14 20:33:44 +0000 2018,1/ Big news on $ETH today  finally got time to storm it up. Let's go! First  link to source I'll be breaking down h‚Ä¶ https://t.co/KUvWZ7Vm0J,0
Thu Jun 14 20:19:08 +0000 2018,@nic__carter If ETH ever actually switches to PoS  it'll be interesting to see if exchanges go ahead and stake user tokens.,0
Thu Jun 14 20:15:04 +0000 2018,„Åø„Çì„Å™„ÅÆ„Ç§„Éº„Çµ„É™„Ç¢„É†(eth) „ÅÆ‰∫àÊÉ≥          ‚ñ≥‰∏ä„Åí‰∫àÊÉ≥30%  ‚ñº‰∏ã„Åí‰∫àÊÉ≥70%   #‰ªÆÊÉ≥ÈÄöË≤® #ehtjpy #eht #ethereum #„Ç§„Éº„Çµ„É™„Ç¢„É†  ‰ªÆÊÉ≥ÈÄöË≤®‰∫àÊÉ≥„Ç¢„Éó„É™‚Ä¶ https://t.co/EiJehWse1F,0
Thu Jun 14 20:14:00 +0000 2018,#REDPILLCOIN #REDPILL #ICO #BTC #ETH https://t.co/z7DanORk9r,627
Thu Jun 14 20:08:39 +0000 2018,BREAKING NEWS: BTC and ETH Are Not Securities According to SEC Official ... https://t.co/JGExKgg5uw via @YouTube,0
Thu Jun 14 20:00:59 +0000 2018,Top 5  $NANO $USD on @hitbtc +18%  $BTC $USD on @yourbtcc +15%  $NANO $ETH on @hitbtc +15%  $ELIX $ETH on‚Ä¶ https://t.co/zbxx9uNsX7,0
Thu Jun 14 19:57:20 +0000 2018,#TRON $TRX #TRX airdrop to the #Ethereum #ETH community has been successfully completed https://t.co/hqziAqsvV7,954
Thu Jun 14 19:56:16 +0000 2018,#REDPILLCOIN #REDPILL #ICO #BTC #ETH https://t.co/JI1Bulwkic,450
