Thu Jan 03 23:30:39 +0000 2019,New and rebuilt Bombardier Dash 8 Q400! --- #Roblox #ROBLOXDev https://t.co/qnY241RNzC,3
Thu Jan 03 23:19:20 +0000 2019,New and rebuilt Bombardier Dash 8 Q400! --- #Roblox #ROBLOXDev https://t.co/qnY241RNzC,3
Thu Jan 03 23:17:26 +0000 2019,New and rebuilt Bombardier Dash 8 Q400! --- #Roblox #ROBLOXDev https://t.co/qnY241RNzC,3
Thu Jan 03 23:13:58 +0000 2019,New and rebuilt Bombardier Dash 8 Q400! --- #Roblox #ROBLOXDev https://t.co/qnY241RNzC,3
Thu Jan 03 23:12:47 +0000 2019,Cozy! Each DASH has a home in @miss_martins' classroom in Sydney  Australia. How about yours? https://t.co/63uLVVWL1I,2
Thu Jan 03 22:59:00 +0000 2019,Cozy! Each DASH has a home in @miss_martins' classroom in Sydney  Australia. How about yours? https://t.co/63uLVVWL1I,2
Thu Jan 03 21:19:47 +0000 2019,DOING THE DIGITAL DASH  CHASING THE BAG  SPEAKING ON ME GET THE HANDS  ðŸ—£ ðŸ—¯ðŸ”¥ðŸ—¯ðŸ”¥ðŸ—¯ðŸ—£  On god @yxngjet going to have a deâ€¦ https://t.co/bMSAY6kcAz,1
Thu Jan 03 17:10:31 +0000 2019,The calendar below names more than 50 #edtech conferences happening in the U.S. this year. Weâ€™ve included dates  loâ€¦ https://t.co/tWsjk51Tip,8
Thu Jan 03 16:00:43 +0000 2019,Using DASH  a toy car  and some creativity Â @BBInquirylab's class hit the bullseye in their new DASH Shuffleboard gâ€¦ https://t.co/yXKj0ha6gj,2
Thu Jan 03 14:39:14 +0000 2019,Just literally had to do the mad dash to the gate like they do in the movies. What they donâ€™t depict is how you feeâ€¦ https://t.co/XzR5eWn3bM,0
Thu Jan 03 13:38:42 +0000 2019,Using DASH  a toy car  and some creativity Â @BBInquirylab's class hit the bullseye in their new DASH Shuffleboard gâ€¦ https://t.co/yXKj0ha6gj,2
Thu Jan 03 07:41:12 +0000 2019,when the new year hits (and well before that  actually)  it's a mad dash to AGDQ for the staff.  bless @Hai who hasâ€¦ https://t.co/kNN0KYSTwn,0
Thu Jan 03 05:33:14 +0000 2019,@CharmHusky @stormwuff_ The warm sticky rice w/ that sweet katsu chicken and a dash of ponzu  mmmf.,0
