Sun Jun 10 23:55:05 +0000 2018,Roasted with olive oil and a dash of salt üëåüèΩ Sounds about right https://t.co/ZVMbvGwNgh,1
Sun Jun 10 23:36:53 +0000 2018,Roasted with olive oil and a dash of salt üëåüèΩ Sounds about right https://t.co/ZVMbvGwNgh,1
Sun Jun 10 23:18:04 +0000 2018,Makes me feel like a Yahoo. #cryptocurrency #cryptocurrencies #bitcoin #ethereum #btc #litecoin #ltc #eth #binance‚Ä¶ https://t.co/HePPcYAFXX,0
Sun Jun 10 23:04:34 +0000 2018,40 yard dash #cce #baylorcamp https://t.co/c14Lp56Ks3,0
Sun Jun 10 23:01:42 +0000 2018,Dame Dash‚Äôs backyard is HARD!!,0
Sun Jun 10 22:58:01 +0000 2018,IDC HOW LIT THIS SUMMER is I'm taking my ASS TO WORK üó£,4035
Sun Jun 10 22:55:55 +0000 2018,ex: ‚Äúi was thinking bout you yesterday. I think i made a mistake and i miss y....‚Äù  Me; I‚Äôm good luv  Enjoy.,283
Sun Jun 10 21:07:11 +0000 2018,@perlmutations This is such a boneheaded statement. There is never going to be a war with Canada.,0
Sun Jun 10 21:05:47 +0000 2018,@tomangell This shit pisses me off  this will encourage a black market which then will be used as an excuse for cancelling legalization.,0
Sun Jun 10 21:00:21 +0000 2018,There‚Äôs nothing like kicking your feet up on the dash and driving through the miles of fields  lakes  mountains and‚Ä¶ https://t.co/lW6Zk7wjqP,0
Sun Jun 10 20:24:41 +0000 2018,Don‚Äôt forget the dash https://t.co/WZCqF9Szlr,1
Sun Jun 10 20:04:01 +0000 2018,@Cattokye I mean it sounds like you just aren't using reflect how you should be. Even against Cell  Bardock  Kid Bu‚Ä¶ https://t.co/5TjERBEwaR,0
Sun Jun 10 19:35:07 +0000 2018,@Cattokye All characters having the same movement options and super dash going through projectiles just means that‚Ä¶ https://t.co/2mlLgwmHeO,0
Sun Jun 10 19:31:36 +0000 2018,@Cattokye Reflect is a much better defensive option than pushblock is in most team fighters. The problem that creat‚Ä¶ https://t.co/NQGLUCkQ7u,0
Sun Jun 10 19:30:07 +0000 2018,Who wants free coins? click here and sign up today https://t.co/MdJwzz0Xs8 #crypticcoin  #tokens  #airdrops  $BTC ‚Ä¶ https://t.co/oWxHzGrX6O,1
Sun Jun 10 19:03:46 +0000 2018,@Cattokye The only long normals are generally slides that hit low so you can just watch what their blockstring is a‚Ä¶ https://t.co/wUbWD1u1V6,0
Sun Jun 10 19:00:42 +0000 2018,Check out your favorite #crypto on #TokenTalk https://t.co/Ssc8OYLFwv $LTC  $ETH  $DASH  $BTC  #ICO  #TGE,1
Sun Jun 10 19:00:02 +0000 2018,@RossHouk98 The Incredibles games was the goat  Dash‚Äôs levels were my fav,0
Sun Jun 10 17:42:02 +0000 2018,@dash_radio @WittLowry @avamaxofficial 30? That's awfully generous! Back when I did listen to terrestrial radio it was more like 12!!,0
Sun Jun 10 17:30:32 +0000 2018,Don't forget the dash! https://t.co/3wvE082CA9,0
Sun Jun 10 17:20:45 +0000 2018,@RykerAFox Hey man,0
Sun Jun 10 15:04:56 +0000 2018,When you‚Äôre  busy you‚Äôre not worried about nobody else business but your own!  Good Morningüíã,11
Sun Jun 10 12:20:04 +0000 2018,@PUBG please fix the issue with gamers being dash boarded.,1
Sun Jun 10 10:44:31 +0000 2018,@PUBG please fix the issue with gamers being dash boarded.,1
Sun Jun 10 09:50:43 +0000 2018,Simple dash (j.5A+B) can be used to OS a tech chase. Heres a cool mixup that favors forward tech #TAG_ES #BBTAG https://t.co/PN0gRltMFL,20
Sun Jun 10 05:43:23 +0000 2018,‚ù§Ô∏èüíõüíô GUYS  I MET ALL MIGHT! üíôüíõ‚ù§Ô∏è  Thank you so much @Leon_Chiro for coming by the studio and for the picture! You c‚Ä¶ https://t.co/PZ8WIsgmZM,19
Sun Jun 10 04:12:17 +0000 2018,F-dash-dash-dash... #TrumpIsAMoron #NorthKorea #EndTimes  https://t.co/uv87o2ek3F,0
Sun Jun 10 03:12:37 +0000 2018,I need a coffee run and door dash is closed,0
Sun Jun 10 03:12:10 +0000 2018,I see relationships as a potential marriage or a breakup and that‚Äôs why I‚Äôm single.   thanks for coming to my ted talk,5170
Sun Jun 10 02:54:34 +0000 2018,They fused into Roscoe Dash and fell out https://t.co/kVIxrf7sYV,0
Sun Jun 10 02:18:07 +0000 2018,With Bitcoin still leading the race and Ethereum coming second  the fight for the third most popular coin seems to‚Ä¶ https://t.co/MsxMWIStTd,0
