Mon Mar 26 20:10:20 +0000 2018,This is your @steemit minute for today brought to you by @DTube_Official &gt;&gt; https://t.co/T3cpHu5xtm &lt;&lt; #dtube… https://t.co/4IsnAK6J2g,2
Mon Mar 26 18:08:15 +0000 2018,Steemit Minute: Your Daily STEEM News Show: 3/26/2018 https://t.co/nVNmVqOecy,0
Mon Mar 26 18:08:09 +0000 2018,I added a video to a @YouTube playlist https://t.co/nVNmVqOecy Steemit Minute: Your Daily STEEM News Show: 3/26/2018,0
Mon Mar 26 18:03:18 +0000 2018,This is your @steemit minute for today brought to you by @DTube_Official &gt;&gt; https://t.co/T3cpHu5xtm &lt;&lt; #dtube… https://t.co/4IsnAK6J2g,2
Mon Mar 26 18:02:39 +0000 2018,This is your @steemit minute for today brought to you by @DTube_Official &gt;&gt; https://t.co/T3cpHu5xtm &lt;&lt; #dtube… https://t.co/4IsnAK6J2g,2
Mon Mar 26 15:05:12 +0000 2018,All Hands On Deck: https://t.co/CP6EA2k9g5 &lt;&lt;&lt; Any UPVOTES &amp; RESTEEMS Appreciated! #dtube @DTube_Official… https://t.co/k2Z3V411WO,3
Mon Mar 26 15:04:18 +0000 2018,All Hands On Deck: https://t.co/CP6EA2k9g5 &lt;&lt;&lt; Any UPVOTES &amp; RESTEEMS Appreciated! #dtube @DTube_Official… https://t.co/k2Z3V411WO,3
Mon Mar 26 14:35:10 +0000 2018,Just over 5 hours left to get the 15% bonus on $WIRE tokens. Come take advantage of this bonus round! You can purch… https://t.co/mwDUAlH9FC,23
Mon Mar 26 14:21:46 +0000 2018,Just over 5 hours left to get the 15% bonus on $WIRE tokens. Come take advantage of this bonus round! You can purch… https://t.co/mwDUAlH9FC,23
Mon Mar 26 14:04:43 +0000 2018,Your @steemit Minute for today! We talk #dlive update and more! https://t.co/efyCmUDDGr &lt;&lt;&lt; @DTube_Steem… https://t.co/PyEeWFNuT4,1
Mon Mar 26 12:41:59 +0000 2018,All Hands On Deck: https://t.co/CP6EA2k9g5 &lt;&lt;&lt; Any UPVOTES &amp; RESTEEMS Appreciated! #dtube @DTube_Official… https://t.co/k2Z3V411WO,3
Mon Mar 26 09:51:15 +0000 2018,Just over 5 hours left to get the 15% bonus on $WIRE tokens. Come take advantage of this bonus round! You can purch… https://t.co/mwDUAlH9FC,23
Mon Mar 26 09:51:00 +0000 2018,Just a little over two days left to get the 15 percent bonus in the $WIRE #tokensale. Come be a part of this… https://t.co/M2nh5hX3I1,22
Mon Mar 26 09:50:03 +0000 2018,We love the @steemit philosophy of providing the community with incentives for interaction  and their general phila… https://t.co/T7U6TykTaH,56
Mon Mar 26 09:49:40 +0000 2018,Social Wallet’s sale of WIRE tokens is taking place right now. The token is on sale at a price point of $0.15 per t… https://t.co/Rl6VA4wDkX,7
Mon Mar 26 09:46:31 +0000 2018,Um video Demo feito ao vivo! último dia para o bonus de 25% WIRE E Olhem pra Nossa Carteira Steem! — Steemit https://t.co/yCLNv388mK,1
Mon Mar 26 09:44:03 +0000 2018,Our #tokensale is going strong! WIRE  locked in at the price of $0.15 per token  can be purchased with #Bitcoin (BT… https://t.co/KfAwwPQ67G,1
Mon Mar 26 09:43:58 +0000 2018,BuildTeam Announcement: Social Wallet Token Sale Now Accepting Steem/SBD. An Exclusive Steemit Bonus &amp; Platform Sne… https://t.co/N7FxZprCiD,2
Mon Mar 26 09:09:48 +0000 2018,Just over 5 hours left to get the 15% bonus on $WIRE tokens. Come take advantage of this bonus round! You can purch… https://t.co/mwDUAlH9FC,23
Mon Mar 26 09:07:21 +0000 2018,Just over 5 hours left to get the 15% bonus on $WIRE tokens. Come take advantage of this bonus round! You can purch… https://t.co/mwDUAlH9FC,23
Mon Mar 26 07:35:52 +0000 2018,All Hands On Deck: https://t.co/CP6EA2k9g5 &lt;&lt;&lt; Any UPVOTES &amp; RESTEEMS Appreciated! #dtube @DTube_Official… https://t.co/k2Z3V411WO,3
Mon Mar 26 03:32:19 +0000 2018,Steemit Minute: Your Daily STEEM News Show: 3/25/2018 Dlive Update! https://t.co/TPQbb1d05m,0
Mon Mar 26 03:32:07 +0000 2018,I added a video to a @YouTube playlist https://t.co/TPQbb1d05m Steemit Minute: Your Daily STEEM News Show: 3/25/2018 Dlive Update!,0
Mon Mar 26 03:12:03 +0000 2018,Just a little over two days left to get the 15 percent bonus in the $WIRE #tokensale. Come be a part of this… https://t.co/M2nh5hX3I1,22
