Fri Dec 21 23:31:27 +0000 2018,Upvoted: Upvoted: Upvoted: Upvoted: GYM Rewards at Russian ICO Listing https://t.co/9kUuv6Ld4b #ICO #tokensale #EOS… https://t.co/ZEKCgIitQS,71
Fri Dec 21 21:52:00 +0000 2018,Ethereum-Based Blockchain Project Parity Announces New Substrate DIY Blockchain Tool Release https://t.co/uMsj7pCTxN #blockchain,0
Fri Dec 21 20:54:45 +0000 2018,➡️ The #Blockchain will be a way to create more effective governments  since if in the chain of blocks it is possib… https://t.co/BUXUzWVWgJ,1
Fri Dec 21 19:50:11 +0000 2018,Bitcoin  Ripple  Ethereum  Bitcoin Cash  Stellar  EOS  Litecoin  Bitcoin SV  TRON  Cardano: Price Analysis  Dec. 21 https://t.co/nLZbr9jPBM,0
Fri Dec 21 16:57:08 +0000 2018,Tron [TRX]  Ethereum [ETH] soar above 10% each; bull visit pays off https://t.co/K1zrK7DTkp,0
Fri Dec 21 16:47:05 +0000 2018,Civil-Backed News Site Archives Article on Ethereum Blockchain https://t.co/Mbxy4VW6EU,0
Fri Dec 21 16:45:33 +0000 2018,Civil-Backed News Site Archives Article on Ethereum &lt;b&gt;Blockchain&lt;/b&gt; https://t.co/Mbxy4VW6EU source: Block Chain t… https://t.co/odCz9NQVcq,0
Fri Dec 21 11:33:00 +0000 2018,Ethereum Studio Consensys’ Wild Ideas and Squandered Funds Led to Major Layoffs https://t.co/3NlzSceITC via @BTCTN,0
Fri Dec 21 04:34:07 +0000 2018,Did you ever wonder what the whales are doing in a given #Crypto? Learn how you can analyze the #Ethereum… https://t.co/ET7OgSM55i,237
Fri Dec 21 04:16:33 +0000 2018,$ETH not doing so well  after poping up above $200 USD. There has been some good newflow regarding the #ethereum ne… https://t.co/Ds3n3tzC5J,242
Fri Dec 21 04:01:28 +0000 2018,Did you ever wonder what the whales are doing in a given #Crypto? Learn how you can analyze the #Ethereum… https://t.co/ET7OgSM55i,237
Fri Dec 21 03:29:36 +0000 2018,Did you ever wonder what the whales are doing in a given #Crypto? Learn how you can analyze the #Ethereum… https://t.co/ET7OgSM55i,237
Fri Dec 21 03:00:40 +0000 2018,Sabías que las transacciones hechas con #criptomonedas #Bitcoin  #Ethereum  #Litecoin  etc deben reportarse al #IRS… https://t.co/0MPQhYqE3S,0
Fri Dec 21 01:50:35 +0000 2018,$ETH not doing so well  after poping up above $200 USD. There has been some good newflow regarding the #ethereum ne… https://t.co/Ds3n3tzC5J,242
