Mon Jul 16 23:54:57 +0000 2018,Bentley with Bitcoin ornament... So tight üßê https://t.co/4ShTevOPxv,35
Mon Jul 16 23:45:57 +0000 2018,Bentley with Bitcoin ornament... So tight üßê https://t.co/4ShTevOPxv,35
Mon Jul 16 23:41:10 +0000 2018,Bentley with Bitcoin ornament... So tight üßê https://t.co/4ShTevOPxv,35
Mon Jul 16 23:36:05 +0000 2018,What Blue Chip Cryptocurrency have you bought? #Bitcoin #Ethereum #Crypto #Coinbase #BitcoinCash #EthereumClassic,0
Mon Jul 16 23:25:18 +0000 2018,Bentley with Bitcoin ornament... So tight üßê https://t.co/4ShTevOPxv,35
Mon Jul 16 23:25:05 +0000 2018,Bentley with Bitcoin ornament... So tight üßê https://t.co/4ShTevOPxv,35
Mon Jul 16 23:16:19 +0000 2018,HOY a las 7:00 PM en vivo hablando de #Bitcoin y #Criptomonedas  https://t.co/6Ropr2QYiA,1
Mon Jul 16 23:11:30 +0000 2018,We're grateful that the #BitBlockBoom conference aligned with @saifedean's book tour. Helping spread the concept of‚Ä¶ https://t.co/4M42Mau2kY,3
Mon Jul 16 23:07:17 +0000 2018,HOY a las 7:00 PM en vivo hablando de #Bitcoin y #Criptomonedas  https://t.co/6Ropr2QYiA,1
Mon Jul 16 23:05:33 +0000 2018,Bentley with Bitcoin ornament... So tight üßê https://t.co/4ShTevOPxv,35
Mon Jul 16 23:02:42 +0000 2018,@WarrenWhitlock Ergo: You can't have blockchain without bitcoin.   You can create things that look similar to block‚Ä¶ https://t.co/r9GkIygHcq,0
Mon Jul 16 23:00:56 +0000 2018,@WarrenWhitlock So  in a sense  yes  because Bitcoin is the progenitor of all current DLT  you can't have blockchai‚Ä¶ https://t.co/dGduSei8T8,0
Mon Jul 16 22:59:56 +0000 2018,@WarrenWhitlock Byzantine Fault Tolerance. You understand that  right?  Removing the tokenization from Byzantine Fa‚Ä¶ https://t.co/O9qO7kdYKT,0
Mon Jul 16 22:58:42 +0000 2018,Bentley with Bitcoin ornament... So tight üßê https://t.co/4ShTevOPxv,35
Mon Jul 16 22:27:57 +0000 2018,Bentley with Bitcoin ornament... So tight üßê https://t.co/4ShTevOPxv,35
Mon Jul 16 22:22:17 +0000 2018,Bentley with Bitcoin ornament... So tight üßê https://t.co/4ShTevOPxv,35
Mon Jul 16 22:19:07 +0000 2018,Bentley with Bitcoin ornament... So tight üßê https://t.co/4ShTevOPxv,35
Mon Jul 16 21:55:33 +0000 2018,Bentley with Bitcoin ornament... So tight üßê https://t.co/4ShTevOPxv,35
Mon Jul 16 21:47:20 +0000 2018,Bitcoin  Ethereum  Ripple  Bitcoin Cash  EOS  Litecoin  Cardano  Stellar  IOTA  TRON: Price Analysis  July 16 https://t.co/00FubK5gwP,0
Mon Jul 16 21:43:14 +0000 2018,Bentley with Bitcoin ornament... So tight üßê https://t.co/4ShTevOPxv,35
Mon Jul 16 21:35:46 +0000 2018,Bentley with Bitcoin ornament... So tight üßê https://t.co/4ShTevOPxv,35
Mon Jul 16 21:34:36 +0000 2018,Bentley with Bitcoin ornament... So tight üßê https://t.co/4ShTevOPxv,35
Mon Jul 16 21:30:27 +0000 2018,Bentley with Bitcoin ornament... So tight üßê https://t.co/4ShTevOPxv,35
Mon Jul 16 21:23:56 +0000 2018,Bentley with Bitcoin ornament... So tight üßê https://t.co/4ShTevOPxv,35
Mon Jul 16 21:23:01 +0000 2018,Bentley with Bitcoin ornament... So tight üßê https://t.co/4ShTevOPxv,35
Mon Jul 16 21:18:07 +0000 2018,RUbots and Kremlin trolls working hard for the rubles/bitcoin today.,0
Mon Jul 16 21:15:02 +0000 2018,Bentley with Bitcoin ornament... So tight üßê https://t.co/4ShTevOPxv,35
Mon Jul 16 21:14:21 +0000 2018,¬øTe perdiste el Seminario de #Trading de #Criptomonedas y quieres tener acceso inmediato a la grabaci√≥n?  A partir‚Ä¶ https://t.co/j5vxIh2FYd,2
Mon Jul 16 21:11:02 +0000 2018,@saifedean give his thoughts on #BitBlockBoom #Bitcoin Maximalist https://t.co/Q7Fbb85djO https://t.co/miW0Iqr0z0,0
Mon Jul 16 21:10:48 +0000 2018,Bentley with Bitcoin ornament... So tight üßê https://t.co/4ShTevOPxv,35
Mon Jul 16 21:09:51 +0000 2018,Dr Craig Wright with nChain so far has:  5 patents granted 200 or so patents pending 744 papers written  To be used‚Ä¶ https://t.co/X52mIq0fW4,4
Mon Jul 16 21:01:46 +0000 2018,Bentley with Bitcoin ornament... So tight üßê https://t.co/4ShTevOPxv,35
Mon Jul 16 21:01:40 +0000 2018,Bentley with Bitcoin ornament... So tight üßê https://t.co/4ShTevOPxv,35
Mon Jul 16 21:00:32 +0000 2018,Bentley with Bitcoin ornament... So tight üßê https://t.co/4ShTevOPxv,35
Mon Jul 16 20:58:37 +0000 2018,Bentley with Bitcoin ornament... So tight üßê https://t.co/4ShTevOPxv,35
Mon Jul 16 20:57:34 +0000 2018,https://t.co/9d5eyBTN3S admin discusses Lightning Network Autopilot experiments. Currently single-handedly funding‚Ä¶ https://t.co/l41yTdRI8q,1
Mon Jul 16 20:51:54 +0000 2018,Bentley with Bitcoin ornament... So tight üßê https://t.co/4ShTevOPxv,35
Mon Jul 16 20:50:40 +0000 2018,Bentley with Bitcoin ornament... So tight üßê https://t.co/4ShTevOPxv,35
Mon Jul 16 20:48:54 +0000 2018,@shawnetuma Funny you just posted this. @bracketdan just talked on air about a similar email he got. An old passwor‚Ä¶ https://t.co/096svw3H1v,0
Mon Jul 16 20:43:28 +0000 2018,Bentley with Bitcoin ornament... So tight üßê https://t.co/4ShTevOPxv,35
Mon Jul 16 20:37:13 +0000 2018,Bentley with Bitcoin ornament... So tight üßê https://t.co/4ShTevOPxv,35
Mon Jul 16 20:31:05 +0000 2018,Bentley with Bitcoin ornament... So tight üßê https://t.co/4ShTevOPxv,35
Mon Jul 16 20:28:43 +0000 2018,Bentley with Bitcoin ornament... So tight üßê https://t.co/4ShTevOPxv,35
Mon Jul 16 20:24:23 +0000 2018,Bentley with Bitcoin ornament... So tight üßê https://t.co/4ShTevOPxv,35
Mon Jul 16 20:24:17 +0000 2018,Bentley with Bitcoin ornament... So tight üßê https://t.co/4ShTevOPxv,35
Mon Jul 16 20:13:25 +0000 2018,Bentley with Bitcoin ornament... So tight üßê https://t.co/4ShTevOPxv,35
Mon Jul 16 20:08:18 +0000 2018,Bentley with Bitcoin ornament... So tight üßê https://t.co/4ShTevOPxv,35
Mon Jul 16 20:04:09 +0000 2018,Bentley with Bitcoin ornament... So tight üßê https://t.co/4ShTevOPxv,35
Mon Jul 16 19:59:20 +0000 2018,https://t.co/6D9PNmv3Ks,0
Mon Jul 16 19:50:08 +0000 2018,Bentley with Bitcoin ornament... So tight üßê https://t.co/4ShTevOPxv,35
Mon Jul 16 19:44:37 +0000 2018,Bentley with Bitcoin ornament... So tight üßê https://t.co/4ShTevOPxv,35
Mon Jul 16 19:44:04 +0000 2018,Bentley with Bitcoin ornament... So tight üßê https://t.co/4ShTevOPxv,35
Mon Jul 16 19:42:50 +0000 2018,Bentley with Bitcoin ornament... So tight üßê https://t.co/4ShTevOPxv,35
Mon Jul 16 19:39:22 +0000 2018,Gundlach points out something I‚Äôve warned about since I was inside the Fed three years ago. QE will give economy le‚Ä¶ https://t.co/UrKgu6AgvL,95
Mon Jul 16 19:22:01 +0000 2018,When you tryna charge somebody up and autocorrect changes bitch to bitcoin üòí,0
Mon Jul 16 19:02:54 +0000 2018,The Dangers of Perceived Anonymity: Russian Hackers‚Äô Bitcoin Trail https://t.co/eKealDZkck,0
Mon Jul 16 18:58:19 +0000 2018,@WarrenWhitlock I've also been a professional analyst for Bitcoin since 2011  and a subscriber of the Cypherpunk ma‚Ä¶ https://t.co/zFYf4bEcX0,0
Mon Jul 16 18:54:32 +0000 2018,Play huge selection slots  video poker and other table games at https://t.co/TZl8oJ3th7¬†| Join for 5 BTC bonus #bet‚Ä¶ https://t.co/R1Avp4HcWh,0
Mon Jul 16 18:46:40 +0000 2018,It's "HODL" not "HOLD"!!  Other than that here's a decent list of blockchain &amp; crypto definitions. #bitcoin‚Ä¶ https://t.co/oKbj6N9oDa,0
Mon Jul 16 18:39:10 +0000 2018,https://t.co/9d5eyBTN3S admin discusses Lightning Network Autopilot experiments. Currently single-handedly funding‚Ä¶ https://t.co/l41yTdRI8q,1
Mon Jul 16 18:33:50 +0000 2018,@WarrenWhitlock What you just said.  Blockchain would not exist if it weren't for cryptocurrency  and you can make‚Ä¶ https://t.co/Y1SU3WLgS8,0
Mon Jul 16 18:15:10 +0000 2018,Good to see all this Green! #cryptocurrency #cryptocurrencies #bitcoin #ethereum #btc #eth #binance #blockchain‚Ä¶ https://t.co/A2ANnXdY2p,0
Mon Jul 16 18:09:19 +0000 2018,¬øTe perdiste el Seminario de #Trading de #Criptomonedas y quieres tener acceso inmediato a la grabaci√≥n?  A partir‚Ä¶ https://t.co/j5vxIh2FYd,2
Mon Jul 16 18:07:55 +0000 2018,¬øTe perdiste el Seminario de #Trading de #Criptomonedas y quieres tener acceso inmediato a la grabaci√≥n?  A partir‚Ä¶ https://t.co/j5vxIh2FYd,2
Mon Jul 16 17:07:01 +0000 2018,Spotlite  One of the more surprising gadgets to appear at CES this year was a Kodak-branded cryptocurrency mining c‚Ä¶ https://t.co/d8pwiwGmll,0
Mon Jul 16 17:06:02 +0000 2018,Spotlite  One of the more surprising gadgets to appear at CES this year was a Kodak-branded cryptocurrency mining c‚Ä¶ https://t.co/x7aj0JNSFl,0
Mon Jul 16 16:26:16 +0000 2018,This Website Imagines Bitcoin as a Bus Station and Offers Some Big Insights  https://t.co/Hx4Z6swXZ0,0
Mon Jul 16 16:23:43 +0000 2018,I'll be presenting my "Blockchain 101" presentation at the Executives Club of NJ on Wed. August 1st.  Get an unders‚Ä¶ https://t.co/AHRgYRSonG,0
Mon Jul 16 15:37:13 +0000 2018,5 more #cryptos coming to @coinbase ? Listen to the 4 Minute #CryptoNews #Podcast to find which ones it might be..‚Ä¶ https://t.co/9Ahqbwk8lt,0
Mon Jul 16 15:17:07 +0000 2018,@_amitm Quite welcome. Have you been using bitcoin and cryptocurrency?,0
Mon Jul 16 15:13:35 +0000 2018,Start your week off with some laughs as you read the responses his hilarious statement.... How a Banker's Talk Spar‚Ä¶ https://t.co/KE3W4A0uAM,0
Mon Jul 16 14:52:04 +0000 2018,@NateAgapi @WeathermanIam @Andy_Hoffman_CG FWIW  it IS the World CRYPTO Network and not the World Bitcoin Network.‚Ä¶ https://t.co/T6FxdvqzQc,0
Mon Jul 16 14:28:00 +0000 2018,This could be a great opportunity  I personally have put my money where my mouth is and invested   #LipChain #ICO‚Ä¶ https://t.co/iay5q62kJZ,0
Mon Jul 16 14:22:04 +0000 2018,ICO Investment for Beginners (Step-by-Step) - https://t.co/uBLThTx3BU #bitcoin #crypto https://t.co/bAJ7Ip2QUB,0
Mon Jul 16 14:20:06 +0000 2018,Interview of @ryanxcharles by @The_BCH_Boys MONEY BUTTON *Building Shapeshift support *Onboarding options *Economic‚Ä¶ https://t.co/YfpLc1BIzx,13
Mon Jul 16 14:13:03 +0000 2018,@needacoin Remember what bill gates said about bitcoin....,0
Mon Jul 16 14:05:22 +0000 2018,Bitcoin Reclaims $6 600  Altcoins Gain up to 9% Today as ETF Giant BlackRock Eyes Crypto https://t.co/6JQnSAvcsG,0
Mon Jul 16 13:49:11 +0000 2018,https://t.co/d2c0u0PKgY,0
Mon Jul 16 13:23:16 +0000 2018,UPDATE : The Dallas Mavericks office just called back .....and AT THIS TIME you can buy season tickets to the games‚Ä¶ https://t.co/zBwBHIU8iR,11
Mon Jul 16 13:23:04 +0000 2018,ROLDE   NETHERLANDS   Brasserie De 3 Heeren Restaurant  #acceptscrypto     The same 6 that i usually see businesses‚Ä¶ https://t.co/AGxHM59c0i,21
Mon Jul 16 13:10:21 +0000 2018,$NQ_F $DAX $YM_F $FB $AAPL $BTC.X $CL_F   Energies continue to sell off while indexes are stable. Bitcoin stuck in‚Ä¶ https://t.co/bLr5zf2rmr,0
Mon Jul 16 13:07:57 +0000 2018,Our civilization is so advanced that we put man on the moon 49 whole years ago! Yet small businesses still have to‚Ä¶ https://t.co/Zuom3n4WLK,97
Mon Jul 16 12:51:51 +0000 2018,Bitcoin Price Jumps as World‚Äôs Biggest ETF Provider BlackRock Looks to Get Involved https://t.co/gBXhzKs8Wh,0
Mon Jul 16 12:51:23 +0000 2018,Bitcoin price LIVE: BTC up $150 as $6TRILLION 'world's biggest' asset manager moves closer - https://t.co/L1xaDEKxqX https://t.co/IKH5ajN0IC,0
Mon Jul 16 12:50:56 +0000 2018,FN: BlackRock Eyes Bitcoin Futures  Market Reacts to Increased Institutional Interest https://t.co/6Y5yOWsx3U,0
Mon Jul 16 12:50:31 +0000 2018,Bitcoin Price Spikes to $6 600 as Crypto Market Finds Momentum https://t.co/zskXmbuzoO,0
Mon Jul 16 11:27:45 +0000 2018,It was great meeting #Bitcoin Sign Guy at #BitBlockBoom We are going to interview him soon on @Crypto_Cousins #BTC https://t.co/oftiGH6y9D,0
Mon Jul 16 11:26:07 +0000 2018,https://t.co/s0cJ6SjWY3 #AI #blockchain #AIResearch #ArtificialIntelligence #AugmentedReality #Fintech #bitcoin https://t.co/aOi5pAEI15,0
Mon Jul 16 11:18:06 +0000 2018,Bitcoin Price Jumps as World‚Äôs Biggest ETF Provider BlackRock Looks to Get Involved  https://t.co/Qhjbz0GP5j,0
Mon Jul 16 10:55:05 +0000 2018,Bitcoin-Only Real Estate Deals On The Rise https://t.co/FEXbUCyFEM,0
