Sat Jul 07 22:34:33 +0000 2018,Atlantis Blue Airdrop ðŸ“¢  Get 25 Free $ABDT tokens here: https://t.co/HbwJVvUBxz  Like  follow &amp; Retweet!  #icoâ€¦ https://t.co/U8kp3pJE6w,0
Sat Jul 07 22:34:27 +0000 2018,Atlantis Blue Airdrop ðŸ“¢  Get 25 Free $ABDT tokens here: https://t.co/uKHS5tNyMY  Like  follow &amp; Retweet!  #icoâ€¦ https://t.co/C5KyKZLEsb,0
Sat Jul 07 21:42:05 +0000 2018,Loveblock Airdrop ðŸ“¢  Get 200 Free $DDD tokens here: https://t.co/pxeTDryk6I  Like  follow &amp; Retweet!  #ico #tokenâ€¦ https://t.co/KblE7GR8zN,0
Sat Jul 07 19:33:21 +0000 2018,Sounds a lot like how government works today. ðŸ¤” Ripple will be the standard. Sorry not sorry. #btc #eth #ltc #xrpâ€¦ https://t.co/7bkG4UlCK6,0
Sat Jul 07 17:12:34 +0000 2018,Binance is the BEST crypto trading platform for Bitcoin  Ethereum &amp; many others â€¦ #crypto #Binance #ETH #BNB #BTCâ€¦ https://t.co/Q7RcN41T5M,2
Sat Jul 07 17:12:12 +0000 2018,Binance is the BEST crypto trading platform for Bitcoin  Ethereum &amp; many others â€¦ #crypto #Binance #ETH #BNB #BTCâ€¦ https://t.co/Q7RcN41T5M,2
Sat Jul 07 13:49:04 +0000 2018,Gratzio Airdrop ðŸ“¢  Get 20 Free $GRAT tokens here: https://t.co/pQGP58B5HX  Like  follow &amp; Retweet!  #ico #tokenâ€¦ https://t.co/ePrGaefF9d,0
Sat Jul 07 13:48:58 +0000 2018,Gratzio Airdrop ðŸ“¢  Get 20 Free $GRAT tokens here: https://t.co/dSeUNBVbF8  Like  follow &amp; Retweet!  #ico #tokenâ€¦ https://t.co/BoP3CqoHfO,0
Sat Jul 07 13:48:41 +0000 2018,Innovative Bioresearch Airdrop ðŸ“¢  Get 12 Free $INNBC tokens (ðŸ’°~$12) here: https://t.co/RKIx5PqCmY  Like  follow &amp; Râ€¦ https://t.co/cHGbvrMspC,0
Sat Jul 07 13:48:34 +0000 2018,Innovative Bioresearch Airdrop ðŸ“¢  Get 12 Free $INNBC tokens (ðŸ’°~$12) here: https://t.co/xyfiAwhk4E  Like  follow &amp; Râ€¦ https://t.co/Ponf0s7sNU,0
Sat Jul 07 13:47:59 +0000 2018,Apollo Bounty Airdrop ðŸ“¢  Get 1800 Free $APL tokens here: https://t.co/FLohWkhQl8  Like  follow &amp; Retweet!  #icoâ€¦ https://t.co/WMVgrxBbuW,0
Sat Jul 07 13:47:53 +0000 2018,Apollo Bounty Airdrop ðŸ“¢  Get 1800 Free $APL tokens here: https://t.co/HjYdpm8yqi  Like  follow &amp; Retweet!  #icoâ€¦ https://t.co/ipf5wdWqLw,0
Sat Jul 07 13:47:34 +0000 2018,PROPY AIRDROP ðŸ“¢  Get 1 Free $PRO for signing up here: https://t.co/rbrC3eok0J  Like  follow &amp; Retweet!  #ico #tokenâ€¦ https://t.co/RGxSnShVm4,0
Sat Jul 07 13:47:27 +0000 2018,PROPY AIRDROP ðŸ“¢  Get 1 Free $PRO for signing up here: https://t.co/LIy3YxEl64  Like  follow &amp; Retweet!  #ico #tokenâ€¦ https://t.co/HS2AECNGoy,0
Sat Jul 07 13:47:00 +0000 2018,Initiative Q #Airdrop ðŸ“¢  They are giving away significant sums of their future currency to early adopters.â€¦ https://t.co/GBgVCVTReB,0
Sat Jul 07 13:46:54 +0000 2018,Initiative Q #Airdrop ðŸ“¢  They are giving away significant sums of their future currency to early adopters.â€¦ https://t.co/BZP4H372sN,0
Sat Jul 07 13:46:20 +0000 2018,CoinEx market Airdrop ðŸ“¢  Get 100 Free $CEX coins here: https://t.co/R4GKkRq1qc  Like  follow &amp; Retweet!  #icoâ€¦ https://t.co/gYTn4FCGMD,0
Sat Jul 07 13:46:01 +0000 2018,CoinEx Market Airdrop ðŸ“¢  Get 100 Free $CEX coins here: https://t.co/e5h0jf5uSX  Like  follow &amp; Retweet!  #icoâ€¦ https://t.co/BURq4XphI5,0
Sat Jul 07 13:45:23 +0000 2018,FXPay Airdrop ðŸ“¢ (Telegram)  Get 30 Free $FXP tokens here: https://t.co/DF9XNtvWdD  Like  follow &amp; Retweet!  #icoâ€¦ https://t.co/pzOXq3p8St,0
Sat Jul 07 13:45:17 +0000 2018,FXPay Airdrop ðŸ“¢ (Telegram)  Get 30 Free $FXP tokens here: https://t.co/nEhYRJahRa  Like  follow &amp; Retweet!  #icoâ€¦ https://t.co/zjNXjQ4JaD,0
Sat Jul 07 13:44:54 +0000 2018,Alibabacoin Wallet Airdrop ðŸ“¢  Get Free $ABBC token to first 500k users here: https://t.co/AKT7FTQXd1  Like  followâ€¦ https://t.co/h4csXjbjKV,0
Sat Jul 07 13:44:48 +0000 2018,Alibabacoin Wallet Airdrop ðŸ“¢  Get Free $ABBC token to first 500k users here: https://t.co/EVSAg8zHqP  Like  followâ€¦ https://t.co/SQmkkjd54Z,0
Sat Jul 07 13:44:13 +0000 2018,Epiphany Airdrop ðŸ“¢ ($NEO address needed)  Get 25 Free $EPN tokens here: https://t.co/2HPuoHG2E8  Like  follow &amp; Retâ€¦ https://t.co/FN1vxKs4ya,0
Sat Jul 07 13:44:06 +0000 2018,Epiphany Airdrop ðŸ“¢ ($NEO address needed)  Get 25 Free $EPN tokens here: https://t.co/48tamL6tzM  Like  follow &amp; Retâ€¦ https://t.co/dSiL3WsheE,0
Sat Jul 07 13:43:37 +0000 2018,Try Cash App (From Square) ðŸ“¢ using my code and weâ€™ll each get $5! ðŸ‘‰ NPRWPCR  https://t.co/DnQtlRLGLl  Like  followâ€¦ https://t.co/9coYuqjoue,0
Sat Jul 07 13:43:29 +0000 2018,Try Cash App (From Square) ðŸ“¢ using my code and weâ€™ll each get $5! ðŸ‘‰ NPRWPCR  https://t.co/ylsmU1Jpmq  Like  followâ€¦ https://t.co/yLQVuhjkzq,0
Sat Jul 07 12:56:32 +0000 2018,This is an exceptional project with an amazing team that has what it takes to achieve the goal.  #ICO #Crowdsaleâ€¦ https://t.co/A154IiwV1Q,0
Sat Jul 07 12:52:48 +0000 2018,#MEFYCoin #ICO #Blockchain #ETH #crypto https://t.co/TrehnE19GG,0
Sat Jul 07 11:07:25 +0000 2018,Me project is growing strong   and we had a chance to present ourselves at dCipher event in Taiwan #me.token #ICOâ€¦ https://t.co/zmVDB80BAA,0
Sat Jul 07 10:52:46 +0000 2018,JOM MINING BTC  ETH  USDT &amp;amp; UNIT DI CRYPTOMININGFARM Register percuma di siniðŸ‘‡ https://w https://t.co/SvEidqFQpk,0
Sat Jul 07 10:43:48 +0000 2018,Let's Get Acquainted  Interested in EXTOKE FEE FREE DECENTRALIZED ERC20 EXCHANGE  Join us today and stay in the knoâ€¦ https://t.co/3Ja81qipht,0
Sat Jul 07 10:41:50 +0000 2018,Visit the home page and follow the media channels to see the great community of the project. That is the wisdom ofâ€¦ https://t.co/kXYT7fTqyL,0
Sat Jul 07 09:29:15 +0000 2018,#BizavestICO #Bizavestanalytics #analyticsforthefuture https://t.co/NnMfWgdoL2 https://t.co/L0wXShn280 3. Once KYCâ€¦ https://t.co/5nt4Cd4X5F,0
Sat Jul 07 08:13:49 +0000 2018,MAESTRO PROJECT - Our goal is to create an ecosystem for the artists and fans. We provide two layers of DApps.â€¦ https://t.co/LEly7VURh6,0
Sat Jul 07 07:20:58 +0000 2018,It is interesting to observe the development. I'm with you. Good luck to everyone involved in the development of thâ€¦ https://t.co/3vFgMXgOZX,0
Sat Jul 07 07:20:14 +0000 2018,All partners around the world through their subsidiaries are already  investing directly in the DVR INVESTMENTS LTDâ€¦ https://t.co/kydYUdyqbQ,0
Sat Jul 07 07:13:47 +0000 2018,A must watch project with a fresh concept that is worth to contribute with.   Its have big future! You make smart aâ€¦ https://t.co/f9p0kO4j45,1
Sat Jul 07 07:10:30 +0000 2018,Great news  the company is working  go see! Will earn with this promising project! #MB8Coin #ICO #BTC #ETH #Youtube @MB8Coin,0
Sat Jul 07 07:06:33 +0000 2018,If you do build a great experience  customers tell each other about that. Word of mouth is very powerful.â€¦ https://t.co/SVdyxyabOw,0
Sat Jul 07 06:06:09 +0000 2018,Ethereum (ETH) Price Analysis: Back in Selloff Mode?This article...  https://t.co/YEuNYWLsQ5 https://t.co/h3ovxcYvfl,0
Sat Jul 07 05:45:15 +0000 2018,We will be giving away $250 in $OMGC tokens each to the first 20 000 people to sign up for the Airdrop ðŸ“¢â€¦ https://t.co/3jgIfplS6r,0
Sat Jul 07 05:43:57 +0000 2018,We will be giving away $250 in $OMGC tokens each to the first 20 000 people to sign up for the Airdrop ðŸ“¢â€¦ https://t.co/beoToDYVWT,0
Sat Jul 07 05:25:24 +0000 2018,ExToke is a new decentralized Erc20 Token  exchange with no fees for buyers or sellers.   #ico #xto #extoke #eth,0
Sat Jul 07 04:07:13 +0000 2018,The ones that become successful are the ones still working right now while everyone else is partying! It takes consâ€¦ https://t.co/tQkpn0InpU,0
Sat Jul 07 02:22:54 +0000 2018,@PeterLBrandt A desolate island of logic in this crypto field... soooo many idiots in this field hungry for followeâ€¦ https://t.co/ainQ20ROBH,0
