Tue Oct 09 20:11:02 +0000 2018,Picking up more $XTL.  Where's it going?  100 sats?  No.  200?  Nope.  300? Lolz.    True mobile mining will be tak… https://t.co/UDvVqkyfHj,4
Tue Oct 09 17:24:07 +0000 2018,Meritex digs into redevelopment options for K.C. mining site https://t.co/A0ieZ3fnJE,0
Tue Oct 09 16:20:56 +0000 2018,Ghost's latest Vision 60 Q-UGV prototype... v3 aka "frisky" takes first steps in the lab. Much faster  agile  harde… https://t.co/DOBgUOknnF,100
Tue Oct 09 16:07:10 +0000 2018,Three of our Social Media Mining for Pharmacovigilance @UPennHLP papers came out within 4 days: #DrugSafety… https://t.co/Bz50TtsLkR,5
Tue Oct 09 15:20:36 +0000 2018,@attorneygsb Don't need anyone mining near that super volcano!,0
Tue Oct 09 15:01:06 +0000 2018,Meritex digs into redevelopment options for 39-acre limestone mining site https://t.co/vzvAcmzfH8,0
Tue Oct 09 12:56:29 +0000 2018,Three of our Social Media Mining for Pharmacovigilance @UPennHLP papers came out within 4 days: #DrugSafety… https://t.co/Bz50TtsLkR,5
Tue Oct 09 12:54:08 +0000 2018,Three of our Social Media Mining for Pharmacovigilance @UPennHLP papers came out within 4 days: #DrugSafety… https://t.co/Bz50TtsLkR,5
Tue Oct 09 12:43:06 +0000 2018,Picking up more $XTL.  Where's it going?  100 sats?  No.  200?  Nope.  300? Lolz.    True mobile mining will be tak… https://t.co/UDvVqkyfHj,4
Tue Oct 09 12:12:56 +0000 2018,Three of our Social Media Mining for Pharmacovigilance @UPennHLP papers came out within 4 days: #DrugSafety… https://t.co/Bz50TtsLkR,5
Tue Oct 09 10:56:03 +0000 2018,Here’s What To Look For as Gold Tests Us Two key trading cycles are headed in opposite directions. This juxtapositi… https://t.co/LVvk9luaiQ,1
Tue Oct 09 06:48:08 +0000 2018,Here’s What To Look For as Gold Tests Us Two key trading cycles are headed in opposite directions. This juxtapositi… https://t.co/LVvk9luaiQ,1
Tue Oct 09 06:41:35 +0000 2018,Picking up more $XTL.  Where's it going?  100 sats?  No.  200?  Nope.  300? Lolz.    True mobile mining will be tak… https://t.co/UDvVqkyfHj,4
Tue Oct 09 05:27:28 +0000 2018,Picking up more $XTL.  Where's it going?  100 sats?  No.  200?  Nope.  300? Lolz.    True mobile mining will be tak… https://t.co/UDvVqkyfHj,4
Tue Oct 09 04:54:34 +0000 2018,Crypto mining chip giant Bitmain has a new challenger—and he's a former employeehttps://bloom.bg/2CyOxmV,0
Tue Oct 09 04:33:39 +0000 2018,@BearUNLV Nah  bro. Data mining is too prevalent. I'd rather wait for the release. A demo afterwards  sure.,0
Tue Oct 09 04:21:35 +0000 2018,Three of our Social Media Mining for Pharmacovigilance @UPennHLP papers came out within 4 days: #DrugSafety… https://t.co/Bz50TtsLkR,5
Tue Oct 09 04:09:04 +0000 2018,To save a forest threatened by mining  this startup offered to buy it https://t.co/nu2zuh9rnE https://t.co/r3noWlQjEh,0
Tue Oct 09 01:25:19 +0000 2018,Picking up more $XTL.  Where's it going?  100 sats?  No.  200?  Nope.  300? Lolz.    True mobile mining will be tak… https://t.co/UDvVqkyfHj,4
