Sat Jun 02 23:10:22 +0000 2018,@shoopes123 @mindstatex Thank you! We appreciate your support to us and the rest of the BCH community! #BitcoinCash,0
Sat Jun 02 22:36:12 +0000 2018,@mindstatex @siosism @derose @haydentiff @mikeinspace @CryptoCardiB @peqsereio @CalvinAyre Yes  so when that troll… https://t.co/RsmshQEIVQ,1
Sat Jun 02 22:33:02 +0000 2018,@mindstatex @siosism @derose @haydentiff @mikeinspace @CryptoCardiB @peqsereio @CalvinAyre Yes  so when that troll… https://t.co/RsmshQEIVQ,1
Sat Jun 02 22:26:22 +0000 2018,@bkunzi01 @Bitcoin That's a good point. But $BCH transaction prices (in USD) will likely be adjusted to keep them w… https://t.co/v1SBI53Crp,0
Sat Jun 02 22:12:00 +0000 2018,$BTC - Based on the daily MACD and OBV (best viewed on the 4HR) we believe the coming move to the upside could have… https://t.co/s0zF6TQbIE,1
Sat Jun 02 22:10:35 +0000 2018,@MissHon73983988 @tomothyjones @mindstatex @alansilbert @MrHodl @mikeinspace @Th3Acist @bradmillscan @cryptotux… https://t.co/zWJjvFqJFb,0
Sat Jun 02 21:49:27 +0000 2018,$BTC - Based on the daily MACD and OBV (best viewed on the 4HR) we believe the coming move to the upside could have… https://t.co/s0zF6TQbIE,1
Sat Jun 02 19:30:09 +0000 2018,Who wants free coins? click here and sign up today https://t.co/MdJwzz0Xs8 #crypticcoin  #tokens  #airdrops  $BTC … https://t.co/TIM1ZqW45V,0
Sat Jun 02 19:12:17 +0000 2018,@painted_frog @eatBCH_SS They are for verification purposes. People like me want to see that @eatBCH_SS is ACTUALLY… https://t.co/xz92487aZX,0
Sat Jun 02 14:56:24 +0000 2018,Bet by bitcoins at https://t.co/TZl8oJ3th7 and you can get 5 BTC sign up bonus for real! #bitcoin #btc #bonus… https://t.co/6rd79SuFdw,0
Sat Jun 02 10:13:52 +0000 2018,@mindstatex @eatBCH @eatBCH_SS @zquestz @derose @ryanxcharles @mikeinspace @openbazaar @n00bqu33n @ChrisPacia… https://t.co/CDnw53Xxbj,0
Sat Jun 02 10:10:00 +0000 2018,UK-Based Banking App Revolut Adds BCH And XRP To Its Trading Portfolio https://t.co/Q6Gw8XoQyl https://t.co/bEOZHHQoRX,0
Sat Jun 02 05:12:36 +0000 2018,@BitcoinCashFund @eatBCH Phenomenal! A win win for everyone at https://t.co/wK9EudCJGC  @eatBCH  @eatBCH_SS and the #BCH community!,5
Sat Jun 02 04:59:41 +0000 2018,@mindstatex @Old__Hickory @alansilbert @mikeinspace @MrHodl @Th3Acist @bradmillscan @cryptotux @derose @alansilbert… https://t.co/0fAefDsNq8,1
Sat Jun 02 04:40:13 +0000 2018,@mindstatex @Old__Hickory @alansilbert @mikeinspace @MrHodl @Th3Acist @bradmillscan @cryptotux @derose @alansilbert… https://t.co/0fAefDsNq8,1
Sat Jun 02 04:09:07 +0000 2018,Now that the scaling issues with #bch has been resolved for now. I think it's time the developers start working on… https://t.co/Cpg7q8D69S,0
Sat Jun 02 03:40:31 +0000 2018,@MissHon73983988 @mindstatex @alansilbert @MrHodl @mikeinspace @Th3Acist @bradmillscan @cryptotux @derose Our priva… https://t.co/greG13m0b8,0
Sat Jun 02 03:20:43 +0000 2018,@BitcoinCashFund @eatBCH Phenomenal! A win win for everyone at https://t.co/wK9EudCJGC  @eatBCH  @eatBCH_SS and the #BCH community!,5
Sat Jun 02 01:44:47 +0000 2018,@BitcoinCashFund @eatBCH Phenomenal! A win win for everyone at https://t.co/wK9EudCJGC  @eatBCH  @eatBCH_SS and the #BCH community!,5
Sat Jun 02 01:38:12 +0000 2018,@BchByronbay2 @EverAbundance88 @ProfFaustus You can see the difference in caliber and quality of presentation when… https://t.co/NB2jDYH47x,17
Sat Jun 02 01:38:00 +0000 2018,Bitcoin Cash (manchmal bezeichnet als Bcash  und vor allem mit den Tickern BCH oder BCC) hat heute den Markt gebrac… https://t.co/Tnrvl7uSPT,0
Sat Jun 02 01:35:19 +0000 2018,@BchByronbay2 @EverAbundance88 @ProfFaustus You can see the difference in caliber and quality of presentation when… https://t.co/NB2jDYH47x,17
Sat Jun 02 01:26:51 +0000 2018,@BchByronbay2 @EverAbundance88 @ProfFaustus You can see the difference in caliber and quality of presentation when… https://t.co/NB2jDYH47x,17
Sat Jun 02 00:38:29 +0000 2018,Making the switch from BTC to BCH is not easy. You have to go against the crowd. You must believe that you are smar… https://t.co/iiyHafqPSq,44
Sat Jun 02 00:30:30 +0000 2018,@BchByronbay2 @EverAbundance88 @ProfFaustus You can see the difference in caliber and quality of presentation when… https://t.co/NB2jDYH47x,17
Sat Jun 02 00:30:29 +0000 2018,@BchByronbay2 @EverAbundance88 @ProfFaustus You can see the difference in caliber and quality of presentation when… https://t.co/NB2jDYH47x,17
Sat Jun 02 00:21:17 +0000 2018,@BchByronbay2 @EverAbundance88 @ProfFaustus You can see the difference in caliber and quality of presentation when… https://t.co/NB2jDYH47x,17
Sat Jun 02 00:21:01 +0000 2018,@BchByronbay2 @EverAbundance88 @ProfFaustus You can see the difference in caliber and quality of presentation when… https://t.co/NB2jDYH47x,17
