Sun May 20 22:53:57 +0000 2018,TOPBTC is preparing to list KWHCoin. We are only 4 days away!! Be sure to share the news of this listing with your‚Ä¶ https://t.co/vx89GGrCpV,6
Sun May 20 21:26:09 +0000 2018,Welcome back @Vertpig #Vertcoin  #Bitcoin #Litecoin $vtc $btc $ltc #ThePeoplesCoin #cryptoCurrency #digitalAssets‚Ä¶ https://t.co/3SwnrM36QM,5
Sun May 20 21:18:14 +0000 2018,TOPBTC is preparing to list KWHCoin. We are only 4 days away!! Be sure to share the news of this listing with your‚Ä¶ https://t.co/vx89GGrCpV,6
Sun May 20 20:48:34 +0000 2018,TOPBTC is preparing to list KWHCoin. We are only 4 days away!! Be sure to share the news of this listing with your‚Ä¶ https://t.co/vx89GGrCpV,6
Sun May 20 20:47:18 +0000 2018,TOPBTC is preparing to list KWHCoin. We are only 4 days away!! Be sure to share the news of this listing with your‚Ä¶ https://t.co/vx89GGrCpV,6
Sun May 20 20:18:46 +0000 2018,TOPBTC is preparing to list KWHCoin. We are only 4 days away!! Be sure to share the news of this listing with your‚Ä¶ https://t.co/vx89GGrCpV,6
Sun May 20 20:14:42 +0000 2018,TOPBTC is preparing to list KWHCoin. We are only 4 days away!! Be sure to share the news of this listing with your‚Ä¶ https://t.co/vx89GGrCpV,6
Sun May 20 14:08:49 +0000 2018,@fartface2000 @theonevortex @lopp @AnselLindner @TraceMayer @MadBitcoins @pierre_rochard Technology beats violence‚Ä¶ https://t.co/DVT30QkCiO,0
Sun May 20 12:17:33 +0000 2018,Welcome back @Vertpig #Vertcoin  #Bitcoin #Litecoin $vtc $btc $ltc #ThePeoplesCoin #cryptoCurrency #digitalAssets‚Ä¶ https://t.co/3SwnrM36QM,5
Sun May 20 12:03:01 +0000 2018,Litecoin $LTC is valued at: $136.81   HURRY! Binance is currently accepting new users üí∏ üòç    ‚û°Ô∏è‚Ä¶ https://t.co/uuNkMPKjQq,0
Sun May 20 07:55:52 +0000 2018,Welcome back @Vertpig #Vertcoin  #Bitcoin #Litecoin $vtc $btc $ltc #ThePeoplesCoin #cryptoCurrency #digitalAssets‚Ä¶ https://t.co/3SwnrM36QM,5
Sun May 20 04:59:52 +0000 2018,@KwhCoin will be listed on @topbtc_com on May 24th  #HODL #Crypto #cryptocurrency #Trader #bitcoin #ETH #ethereum‚Ä¶ https://t.co/l5rOEGp2SN,4
