Sun Feb 25 23:59:02 +0000 2018,5 min #RSI Signals:  $BTC - $RDD: 33.79 $USDT - $BTC: 38.37  $LUN $BRX $SEQ $TKS $WAVES $VTC $SRN $NMR $XCP $RLC $BRK $CVC $BTG $XMY $SWT,0
Sun Feb 25 23:44:07 +0000 2018,15 min #RSI Signals:  $BTC - $NBT: 39.43  $PTOY $ZRX $DNT $STORJ $BLITZ $XWC $XMR $DMD $MLN $VEE $SC $ADX $BRX $TKS $WAVES $ZCL $DCT $XRP,0
Sun Feb 25 23:39:02 +0000 2018,5 min #RSI Signals:  $BTC - $WAX: 35.15  $LTC $CRW $PDC $CRB $XVG $OMG $BTG $BSD $SLR $HMQ $DNT $AUR $ADX $ETC $NMR $XWC $BURST $SPHR $OK,0
Sun Feb 25 23:34:02 +0000 2018,5 min #RSI Signals:  $BTC - $NBT: 37.99  $XRP $THC $VTR $BCC $ENRG $TRST $NMR $BITB $LTC $SC $XVG $GLD $ETC $XDN $LGD $TKS $NXT $MLN $DGB,0
Sun Feb 25 23:29:04 +0000 2018,15 min #RSI Signals:  $BTC - $NBT: 39.53  $SRN $RISE $MANA $BAY $ETC $COVAL $ZEC $MUSIC $PDC $FTC $LUN $XWC $LTC $SBD $GUP $REP $WAX $NMR,0
Sun Feb 25 23:29:01 +0000 2018,30 min #RSI Signals:  $BTC - $WINGS: 38.7  $ETC $TIX $DGB $BITB $INCNT $SRN $XMY $AEON $SBD $NXS $IOP $BLOCK $SC $CLOAK $GBYTE $SPR $REP,0
Sun Feb 25 23:19:03 +0000 2018,5 min #RSI Signals:  $USDT - $ZEC: 37.13 $BTC - $NBT: 37.88  $ADX $BCPT $NAV $ZCL $QRL $VEE $NMR $XRP $WAVES $SRN $EMC $WAX $SPR $GOLOS,0
Sun Feb 25 23:14:04 +0000 2018,5 min #RSI Signals:  $USDT - $ZEC: 37.13 $BTC - $NBT: 37.88  $LTC $HMQ $MEME $BITB $ADX $WAVES $SALT $EMC $CRB $IOP $IOC $MANA $DNT $DCT,0
Sun Feb 25 23:14:01 +0000 2018,15 min #RSI Signals:  $BTC - $NBT: 34.03  $ENG $ETC $SPHR $SALT $VTC $RLC $SRN $PAY $VIA $XRP $SEQ $EMC $NMR $MONA $NXT $LGD $RCN $SNRG,0
Sun Feb 25 23:05:30 +0000 2018,Somewhere between 3/1 and 4/1 we should have a really good idea about what is going on with $BTC next - IMHO https://t.co/alIFIZ1V9V,1
Sun Feb 25 23:04:08 +0000 2018,5 min #RSI Signals:  $BTC - $LTC: 36.49  $BCPT $MLN $VTR $XVG $SHIFT $PDC $WINGS $FCT $CRW $SYNX $QWARK $ADX $ETC $LUN $OMG $TIX $DOGE,0
Sun Feb 25 22:59:10 +0000 2018,15 min #RSI Signals:  $BTC - $NBT: 37.36 $BTC - $WINGS: 38.24  $PAY $CRB $2GIVE $ENG $NMR $ZCL $BITB $SYS $MONA $NEO $THC $FTC $RDD $XMR,0
Sun Feb 25 22:59:03 +0000 2018,60 min #RSI Signals:  $BTC - $BITB: 37.28  $MCO $ETC $CLOAK $RDD $VTR $BCPT $LGD $LTC $GBYTE $DNT $2GIVE $NMR $OMNI $PAY $LUN $DTB $ANT,0
Sun Feb 25 22:59:01 +0000 2018,30 min #RSI Signals:  $BTC - $WINGS: 38.15  $ADX $DOGE $NMR $ETC $BLOCK $BSD $VTR $XWC $MEME $GBG $GUP $RLC $GBYTE $BLITZ $AUR $XZC $SIB,0
Sun Feb 25 22:57:51 +0000 2018,Looking for more awesome people in crypto to follow.   Follow me and I‚Äôll follow you back!  $btc $ltc $$eth $trx‚Ä¶ https://t.co/AkNOLrRBz2,10
Sun Feb 25 22:44:06 +0000 2018,5 min #RSI Signals:  $NMR $VTC $GEO $LUN $CRW $OMG $XMY $SALT $WINGS $COVAL $AEON $RISE $THC $XRP $NXS $PDC $TKS $BTC $NEO $GUP $BURST,0
Sun Feb 25 22:44:03 +0000 2018,15 min #RSI Signals:  $BTC - $NBT: 35.51 $BTC - $WINGS: 38.77  $IGNIS $ETC $SWT $XMG $OMG $GOLOS $SALT $XMY $RISE $TKS $WAVES $ZEC $TIX,0
Sun Feb 25 22:34:04 +0000 2018,5 min #RSI Signals:  $BTC - $WINGS: 33.5 $BTC - $NBT: 39.04  $BTG $XMY $EXCL $CFI $SHIFT $LUN $BRX $DNT $LTC $DCT $QTUM $AEON $XEL $BITB,0
Sun Feb 25 22:29:08 +0000 2018,15 min #RSI Signals:  $BTC - $WINGS: 33.28 $BTC - $ZCL: 34.16  $BCPT $LTC $PART $RCN $DCT $WAVES $BTG $ETC $XRP $TRST $NMR $VIA $BITB $SC,0
Sun Feb 25 22:29:03 +0000 2018,30 min #RSI Signals:  $BTC - $ZCL: 34.72 $BTC - $WINGS: 35.26  $HMQ $LTC $ETC $ADX $NMR $BYC $IOP $2GIVE $GBYTE $CFI $ERC $VIB $VEE $TRST,0
Sun Feb 25 22:29:03 +0000 2018,5 min #RSI Signals:  $BTC - $WINGS: 38.06  $BITB $XRP $ETC $GEO $RISE $PKB $ADX $VEE $VTR $BRX $SBD $BCPT $BYC $TKS $BCY $LUN $VIB $BRK,0
Sun Feb 25 22:28:08 +0000 2018,Traditional Markets Nosedive  Following Bitcoin‚Äôs Own Slump Below $7k https://t.co/AbOZNd8MqL,1
Sun Feb 25 22:27:04 +0000 2018,5 min #RSI Signals:  $BTC - $NBT: 36.13 $BTC - $WINGS: 38.84  $MEME $XMR $RADS $LTC $SALT $GBYTE $BYC $SRN $MCO $ETC $VTR $XVG $SPR $BITB,2
Sun Feb 25 22:25:24 +0000 2018,5 min #RSI Signals:  $BTC - $NBT: 36.13 $BTC - $WINGS: 38.06  $PDC $ETC $LUN $VRM $VEE $XVC $DCT $XDN $ANT $ARK $TKS $TRST $ENG $BRK $XVG,1
Sun Feb 25 22:24:03 +0000 2018,5 min #RSI Signals:  $BTC - $NBT: 36.13 $BTC - $WINGS: 38.06  $PDC $ETC $LUN $VRM $VEE $XVC $DCT $XDN $ANT $ARK $TKS $TRST $ENG $BRK $XVG,1
Sun Feb 25 22:20:16 +0000 2018,5 min #RSI Signals:  $BTC - $NBT: 36.13 $BTC - $WINGS: 38.84  $MEME $XMR $RADS $LTC $SALT $GBYTE $BYC $SRN $MCO $ETC $VTR $XVG $SPR $BITB,2
Sun Feb 25 22:19:02 +0000 2018,5 min #RSI Signals:  $BTC - $NBT: 36.13 $BTC - $WINGS: 38.84  $MEME $XMR $RADS $LTC $SALT $GBYTE $BYC $SRN $MCO $ETC $VTR $XVG $SPR $BITB,2
Sun Feb 25 22:14:04 +0000 2018,5 min #RSI Signals:  $BTC - $ZCL: 39.23  $SPR $NAV $RADS $SHIFT $ADX $VIA $ZEC $BITB $BSD $BRX $VEE $SNRG $XMR $LUN $NLG $THC $ADA $ENG,0
Sun Feb 25 22:14:03 +0000 2018,15 min #RSI Signals:  $BTC - $ZCL: 30.6 $BTC - $WINGS: 36.12  $RLC $NMR $QRL $NBT $ETC $TIX $XWC $RISE $ADX $PDC $ABY $TRST $WAVES $PART,0
Sun Feb 25 22:09:02 +0000 2018,5 min #RSI Signals:  $BTC - $WINGS: 38.36 $BTC - $ZCL: 39.23  $ETC $HMQ $VTR $LTC $NXT $RDD $NXS $DYN $GAM $BCC $ENG $UKG $WAVES $GEO $SC,0
Sun Feb 25 22:04:03 +0000 2018,5 min #RSI Signals:  $BTC - $ZCL: 35.48 $BTC - $WINGS: 39.57  $DNT $AEON $XMR $ZEN $XZC $SIB $VEE $SNRG $NMR $EMC $LUN $EMC2 $CRW $ADX,0
Sun Feb 25 21:59:16 +0000 2018,5 min #RSI Signals:  $BTC - $NBT: 30.69 $BTC - $WINGS: 38.21 $BTC - $ZCL: 38.78  $IOC $PDC $FCT $SPR $ARDR $WAVES $DCT $NXS $INCNT $EBST,0
Sun Feb 25 21:59:03 +0000 2018,60 min #RSI Signals:  $BTC - $BITB: 32.13 $BTC - $ZCL: 38.39  $DNT $ETC $IGNIS $EMC2 $BCY $OK $PDC $BLITZ $CFI $ENRG $BAY $VTR $LUN $ERC,0
Sun Feb 25 21:59:03 +0000 2018,15 min #RSI Signals:  $BTC - $ZCL: 31.34 $BTC - $NBT: 31.65 $BTC - $WINGS: 33.06  $ETC $BRX $TIX $PPC $RDD $MANA $LTC $EXCL $RISE $FTC,0
Sun Feb 25 21:59:02 +0000 2018,30 min #RSI Signals:  $BTC - $ZCL: 33.42 $BTC - $WINGS: 36.0 $BTC - $BITB: 36.34  $VIA $NEO $OMG $ETC $INFX $ADX $VIB $2GIVE $XVG $OK $SC,0
Sun Feb 25 21:56:48 +0000 2018,15 min #RSI Signals:  $BTC - $ZCL: 33.9 $BTC - $WINGS: 34.8 $BTC - $NBT: 38.58  $RADS $BRX $GEO $LTC $DYN $EMC2 $OMNI $ERC $EXCL $RDD $SC,1
Sun Feb 25 21:55:38 +0000 2018,5 min #RSI Signals:  $BTC - $NBT: 38.76 $BTC - $ZCL: 38.86  $VEE $ERC $BLK $FLO $BCY $BLITZ $SIB $AUR $OMG $GLD $ENG $LTC $PDC $ADX $SWT,1
Sun Feb 25 21:54:02 +0000 2018,5 min #RSI Signals:  $BTC - $NBT: 37.76 $BTC - $WINGS: 38.7 $BTC - $XRP: 38.93  $BTG $ZCL $LUN $ETC $DNT $EDG $INCNT $BCPT $HMQ $PDC $EMC,0
Sun Feb 25 21:49:03 +0000 2018,5 min #RSI Signals:  $BTC - $NBT: 38.76 $BTC - $ZCL: 38.86  $VEE $ERC $BLK $FLO $BCY $BLITZ $SIB $AUR $OMG $GLD $ENG $LTC $PDC $ADX $SWT,1
Sun Feb 25 21:44:03 +0000 2018,15 min #RSI Signals:  $BTC - $ZCL: 33.9 $BTC - $WINGS: 34.8 $BTC - $NBT: 38.58  $RADS $BRX $GEO $LTC $DYN $EMC2 $OMNI $ERC $EXCL $RDD $SC,1
Sun Feb 25 21:39:02 +0000 2018,5 min #RSI Signals:  $BTC - $NBT: 37.95  $XRP $RISE $CLOAK $FCT $GBG $LUN $ANT $WINGS $1ST $BSD $GEO $RDD $ADX $NMR $VTR $SNRG $OMG $ETC,0
Sun Feb 25 21:38:36 +0000 2018,Day 4 of the Clinicon #TokenSale is LIVE! 50% bonus at https://t.co/MpCAtxRhPT   #cryptocurrency #health #wellness‚Ä¶ https://t.co/iUniMJGNMg,10
Sun Feb 25 21:34:03 +0000 2018,5 min #RSI Signals:  $BTC - $NBT: 38.1  $DGB $GOLOS $XVG $SC $IOC $CFI $QRL $NMR $BCPT $ETC $WAVES $GNO $ZEC $GLD $1ST $OMG $LUN $XLM $OK,0
Sun Feb 25 21:30:42 +0000 2018,Somewhere between 3/1 and 4/1 we should have a really good idea about what is going on with $BTC next - IMHO https://t.co/alIFIZ1V9V,1
Sun Feb 25 21:29:10 +0000 2018,5 min #RSI Signals:  $USDT - $ZEC: 33.43 $BTC - $NBT: 39.53  $ADX $SHIFT $ETC $ZCL $2GIVE $TIX $XMR $WAVES $ENG $GBYTE $XRP $FLO $NAV $SC,0
Sun Feb 25 21:29:02 +0000 2018,30 min #RSI Signals:  $BTC - $BITB: 36.34 $BTC - $ZCL: 36.71 $BTC - $WINGS: 38.22  $HMQ $MEME $TKS $ETC $DMD $AEON $GOLOS $BLITZ $EFL $TX,0
Sun Feb 25 21:29:02 +0000 2018,15 min #RSI Signals:  $BTC - $ZCL: 35.57 $BTC - $WINGS: 36.48 $BTC - $NBT: 38.39  $VTR $SWIFT $GEO $CFI $INFX $NXT $AUR $NMR $BCC $CRB,0
Sun Feb 25 21:24:03 +0000 2018,5 min #RSI Signals:  $USDT - $ZEC: 33.43 $BTC - $WINGS: 39.47 $BTC - $NBT: 39.67  $ETC $ADX $XRP $NXS $VRM $OMG $BTG $LGD $SHIFT $NMR $OK,0
Sun Feb 25 21:20:21 +0000 2018,5 min #RSI Signals:  $BTC - $WINGS: 38.61 $BTC - $XRP: 39.36 $BTC - $NBT: 39.67  $GEO $GLD $VIA $BTG $GAM $DMD $ETC $LTC $SHIFT $SRN $DGB,1
Sun Feb 25 21:19:02 +0000 2018,5 min #RSI Signals:  $BTC - $WINGS: 38.61 $BTC - $XRP: 39.36 $BTC - $NBT: 39.67  $GEO $GLD $VIA $BTG $GAM $DMD $ETC $LTC $SHIFT $SRN $DGB,1
Sun Feb 25 21:14:03 +0000 2018,15 min #RSI Signals:  $BTC - $WINGS: 32.4 $BTC - $ZCL: 36.73 $BTC - $NBT: 39.48  $OMG $ADX $SRN $BCPT $NMR $AEON $LTC $GBYTE $CRW $HMQ,0
Sun Feb 25 21:14:02 +0000 2018,5 min #RSI Signals:  $BTC - $XRP: 37.92 $BTC - $WINGS: 38.61  $IGNIS $LUN $SALT $GOLOS $ADX $PTOY $SRN $LBC $OMG $OMNI $CRW $XMY $EMC2,0
Sun Feb 25 21:10:40 +0000 2018,Sadie  üì∑ Gary Marlowe  @OlympusUK @BrightonTatConv #BTC @BrightonCentre #Brighton https://t.co/zF5scZYYV7,0
Sun Feb 25 21:09:03 +0000 2018,5 min #RSI Signals:  $BTC - $XRP: 39.31 $BTC - $ZCL: 39.79  $RDD $NAV $ADX $MANA $VEE $TKS $RADS $SRN $BITB $INFX $WAX $ZEC $WINGS $OMG,0
Sun Feb 25 21:04:04 +0000 2018,5 min #RSI Signals:  $BTC - $BCC: 32.83 $BTC - $BITB: 39.05 $BTC - $BCPT: 39.37  $GAM $NLG $LTC $ZCL $THC $MANA $SC $RDD $RISE $FTC $UKG,0
Sun Feb 25 20:59:11 +0000 2018,5 min #RSI Signals:  $BTC - $ZCL: 31.33 $BTC - $BCC: 32.83 $BTC - $WINGS: 38.16 $BTC - $BCPT: 38.9  $CPC $SPHR $GOLOS $SEQ $OMG $ETC $EMC,0
Sun Feb 25 20:59:03 +0000 2018,30 min #RSI Signals:  $BTC - $ZCL: 32.16 $BTC - $BITB: 33.73 $BTC - $BCC: 36.63 $BTC - $WINGS: 36.69  $PIVX $BYC $CLOAK $AEON $SC $MUSIC,0
Sun Feb 25 20:59:03 +0000 2018,60 min #RSI Signals:  $BTC - $BITB: 30.0 $BTC - $ZCL: 39.12  $RDD $GBYTE $BLOCK $BCPT $NLG $ETC $CLOAK $UBQ $NXT $ENG $VIA $IOP $INFX $OK,0
Sun Feb 25 20:59:03 +0000 2018,15 min #RSI Signals:  $BTC - $ZCL: 28.57 $BTC - $BCC: 31.58 $BTC - $WINGS: 33.1 $BTC - $BITB: 36.37  $SALT $WAX $CVC $EXP $HMQ $GOLOS $SC,0
Sun Feb 25 20:54:52 +0000 2018,Risk-taking alphas dominate #Bitcoin. The entire monetary system is on the brink of a complete makeover. This is wh‚Ä¶ https://t.co/CT2lKmNxZX,10
Sun Feb 25 20:54:03 +0000 2018,5 min #RSI Signals:  $BTC - $ZCL: 30.68 $BTC - $NBT: 36.27 $BTC - $WAX: 37.62 $BTC - $BCPT: 38.95 $BTC - $BCC: 39.76  $DGB $XVG $ETC $GEO,0
Sun Feb 25 20:49:03 +0000 2018,5 min #RSI Signals:  $BTC - $ZCL: 26.98 $BTC - $BCC: 29.85 $BTC - $WAX: 35.76 $BTC - $NBT: 35.93  $EDG $BRX $WINGS $GNT $RDD $ETC $OMG,0
Sun Feb 25 20:47:34 +0000 2018,üö®Luxy #Airdrop üö®    Luxy team distributes 5000 $LUX tokens worth (~ 0.25 ETH)                üëâ‚Ä¶ https://t.co/iU9BPeLmZL,0
Sun Feb 25 20:44:08 +0000 2018,5 min #RSI Signals:  $BTC - $ZCL: 29.38 $BTC - $BITB: 37.0 $BTC - $WINGS: 39.17  $SRN $MANA $GLD $SLR $LTC $NLG $SWT $GAM $ETC $ERC $XRP,0
Sun Feb 25 20:44:03 +0000 2018,15 min #RSI Signals:  $BTC - $ZCL: 29.06 $BTC - $BITB: 34.34 $BTC - $WINGS: 34.64 $BTC - $BCC: 38.24  $VTR $PTOY $GEO $LGD $BCY $NEO $NMR,0
Sun Feb 25 20:39:05 +0000 2018,5 min #RSI Signals:  $BTC - $BITB: 28.7 $BTC - $ZCL: 35.2 $BTC - $OMG: 37.94 $BTC - $BCPT: 39.52 $BTC - $NBT: 39.97  $SYNX $SWIFT $BTG,0
Sun Feb 25 20:37:59 +0000 2018,Risk-taking alphas dominate #Bitcoin. The entire monetary system is on the brink of a complete makeover. This is wh‚Ä¶ https://t.co/CT2lKmNxZX,10
Sun Feb 25 20:34:02 +0000 2018,5 min #RSI Signals:  $BTC - $ZCL: 24.23 $BTC - $BITB: 28.7 $BTC - $WAX: 31.78 $BTC - $OMG: 38.94 $BTC - $WINGS: 39.24  $EBST $XDN $XVG,0
Sun Feb 25 20:30:03 +0000 2018,@spaceLenny Second idea: get data from google trends and compare to stocks/#btc. Post correlation data; present as reputable news.,0
Sun Feb 25 20:29:05 +0000 2018,15 min #RSI Signals:  $BTC - $BITB: 30.21 $BTC - $ZCL: 36.83 $BTC - $WINGS: 37.79  $IOP $NMR $INCNT $NAV $HMQ $XVG $DCT $ETC $CRB $GEO,0
Sun Feb 25 20:29:04 +0000 2018,30 min #RSI Signals:  $BTC - $BITB: 29.7 $BTC - $ZCL: 39.32 $BTC - $WINGS: 39.97  $ADX $OMG $DASH $TX $ETC $CRB $LTC $ENG $SNRG $XMR $EMC,0
Sun Feb 25 20:29:03 +0000 2018,5 min #RSI Signals:  $BTC - $BITB: 28.7 $BTC - $ZCL: 36.46 $BTC - $NBT: 38.0 $BTC - $WAX: 38.63 $BTC - $WINGS: 38.81  $MANA $ETC $XRP $SC,0
Sun Feb 25 20:24:05 +0000 2018,5 min #RSI Signals:  $BTC - $BITB: 28.7 $BTC - $NBT: 38.0 $BTC - $WINGS: 39.55  $WAVES $MUE $LUN $NMR $MONA $PART $OMG $SEQ $SIB $RDD $OK,0
Sun Feb 25 20:19:03 +0000 2018,5 min #RSI Signals:  $BTC - $BITB: 31.81 $BTC - $ETC: 36.07 $BTC - $OMG: 36.86 $BTC - $BCC: 38.19  $RDD $HMQ $CRW $SWT $GBYTE $ADX $SC,0
Sun Feb 25 20:14:07 +0000 2018,5 min #RSI Signals:  $BTC - $ETC: 35.35 $BTC - $OMG: 38.1 $BTC - $BITB: 39.86  $PTC $CRW $LTC $BCC $BURST $XRP $DYN $PART $WAVES $ADT $SC,0
Sun Feb 25 20:14:04 +0000 2018,15 min #RSI Signals:  $BTC - $BITB: 36.63 $BTC - $OMG: 37.65 $BTC - $WINGS: 39.82  $MANA $ERC $GCR $ZCL $VIA $LUN $CFI $XWC $INFX $LTC,0
Sun Feb 25 20:09:46 +0000 2018,Risk-taking alphas dominate #Bitcoin. The entire monetary system is on the brink of a complete makeover. This is wh‚Ä¶ https://t.co/CT2lKmNxZX,10
Sun Feb 25 20:09:03 +0000 2018,5 min #RSI Signals:  $BTC - $OMG: 38.08 $BTC - $BITB: 39.86  $VEE $AEON $GOLOS $ADX $ENG $DYN $SBD $KMD $PART $GAME $FTC $LTC $BCPT $VTC,0
Sun Feb 25 20:04:03 +0000 2018,5 min #RSI Signals:  $BTC - $NBT: 34.6 $BTC - $OMG: 38.06  $PTOY $ETC $SWIFT $GBYTE $NAV $EXCL $DNT $LUN $RLC $SLS $INCNT $GNO $EMC $AUR,0
Sun Feb 25 19:59:05 +0000 2018,30 min #RSI Signals:  $BTC - $BITB: 35.75 $BTC - $LSK: 38.96  $NMR $BURST $GOLOS $OMG $IOC $IOP $BCPT $VEE $RISE $QWARK $VTR $ENG $GAM,0
Sun Feb 25 19:59:03 +0000 2018,15 min #RSI Signals:  $BTC - $ZCL: 37.82  $GEO $ABY $HMQ $EDG $ETC $ZRX $SNRG $VTC $RDD $EMC $DCT $GLD $NMR $IOP $BITB $GBYTE $XVG $LTC,0
Sun Feb 25 19:59:02 +0000 2018,60 min #RSI Signals:  $BTC - $BITB: 32.88 $BTC - $LSK: 36.36  $WAX $BCPT $RLC $NMR $SHIFT $WINGS $GBYTE $ETC $ETH $ZEC $SIB $CFI $NBT $OK,0
Sun Feb 25 19:54:03 +0000 2018,5 min #RSI Signals:  $BTC - $NBT: 26.13 $BTC - $WINGS: 38.49  $ADX $MONA $VTC $TKS $LTC $SHIFT $OMNI $BCPT $WAVES $NLG $DGB $GBYTE $BLITZ,0
Sun Feb 25 19:49:03 +0000 2018,5 min #RSI Signals:  $BTC - $NBT: 33.12  $ANT $VTR $MUE $XZC $XMY $DMD $PTC $XRP $ETC $GNO $SWIFT $BURST $RDD $NXT $THC $ADA $MONA $VIA,0
Sun Feb 25 19:44:05 +0000 2018,15 min #RSI Signals:  $BTC - $WINGS: 35.13 $BTC - $BITB: 38.55 $BTC - $ZCL: 39.25  $VTR $BLOCK $BCC $AEON $RDD $XVG $ANT $ETC $CRW $GNO,0
Sun Feb 25 19:44:03 +0000 2018,5 min #RSI Signals:  $BTC - $NBT: 31.94 $BTC - $WINGS: 35.87  $AUR $BLITZ $BITB $BTG $BRK $EXP $GLD $ADX $SALT $HMQ $CLOAK $ETC $TKS $CRB,0
Sun Feb 25 19:39:13 +0000 2018,5 min #RSI Signals:  $BTC - $NBT: 36.3  $GNT $IOP $OMG $CRB $HMQ $LUN $PTOY $PDC $TKS $XMR $DMD $LTC $NXT $ETC $ENG $GEO $XRP $XDN $BCPT,0
Sun Feb 25 19:34:09 +0000 2018,5 min #RSI Signals:  $BTC - $NBT: 35.93 $BTC - $WINGS: 38.7  $LTC $BAY $NEO $EBST $START $RDD $IOC $ANT $OMG $BRX $NMR $WAVES $ETC $SYNX,0
Sun Feb 25 19:29:04 +0000 2018,5 min #RSI Signals:  $BTC - $NBT: 37.13  $PTOY $BCC $WAVES $NMR $LTC $OMG $VTR $ETC $IOC $BLOCK $LBC $VIB $PPC $COVAL $PKB $NXT $NAV $BRK,0
Sun Feb 25 19:29:04 +0000 2018,30 min #RSI Signals:  $BTC - $BITB: 36.52 $BTC - $XEM: 39.59  $NXS $ENG $CLOAK $RLC $2GIVE $TKS $VIB $CANN $OMG $ERC $ETC $NMR $NEOS $VRM,0
Sun Feb 25 19:24:04 +0000 2018,5 min #RSI Signals:  $BTC - $LSK: 39.48  $THC $OMG $PDC $STRAT $NAV $BCC $EBST $SBD $NMR $DGB $QRL $ENG $LTC $WINGS $RDD $ETC $WAX $PART,0
Sun Feb 25 19:23:54 +0000 2018,Risk-taking alphas dominate #Bitcoin. The entire monetary system is on the brink of a complete makeover. This is wh‚Ä¶ https://t.co/CT2lKmNxZX,10
Sun Feb 25 19:20:11 +0000 2018,5 min #RSI Signals:  $BTC - $ZCL: 36.89 $BTC - $LSK: 39.35  $THC $RDD $ETC $LTC $COVAL $QRL $XDN $BITB $NXT $SALT $ZEC $BTG $ENG $XEL $SC,1
Sun Feb 25 19:19:03 +0000 2018,5 min #RSI Signals:  $BTC - $ZCL: 36.89 $BTC - $LSK: 39.35  $THC $RDD $ETC $LTC $COVAL $QRL $XDN $BITB $NXT $SALT $ZEC $BTG $ENG $XEL $SC,1
Sun Feb 25 19:15:49 +0000 2018,Risk-taking alphas dominate #Bitcoin. The entire monetary system is on the brink of a complete makeover. This is wh‚Ä¶ https://t.co/CT2lKmNxZX,10
Sun Feb 25 19:14:04 +0000 2018,5 min #RSI Signals:  $BTC - $ZCL: 37.11 $BTC - $XEM: 39.26 $BTC - $LSK: 39.35  $EMC $LTC $NMR $RCN $NLG $ENRG $MEME $OMG $FLO $OMNI $ETC,0
Sun Feb 25 19:14:03 +0000 2018,15 min #RSI Signals:  $BTC - $BITB: 34.93 $BTC - $ZCL: 35.49 $BTC - $LSK: 36.62  $XVG $LGD $ETC $NMR $GNO $LTC $LUN $RISE $GAM $MUE $EMC,0
Sun Feb 25 19:09:05 +0000 2018,5 min #RSI Signals:  $BTC - $NEO: 35.56 $BTC - $ZCL: 36.57 $BTC - $LSK: 38.07 $BTC - $XEM: 38.93  $LTC $NXS $BCC $ADX $SWT $NLG $SRN $VIA,0
Sun Feb 25 19:04:07 +0000 2018,5 min #RSI Signals:  $USDT - $NXT: 28.74 $BTC - $NEO: 35.56 $BTC - $STRAT: 39.5  $NMR $SALT $BRX $ETC $RDD $BYC $CRB $INFX $AUR $ION $BCC,0
Sun Feb 25 18:59:09 +0000 2018,60 min #RSI Signals:  $BTC - $BITB: 30.82 $USDT - $BTG: 36.23 $USDT - $BTC: 39.69  $VIB $QRL $PAY $NEO $ETC $NLG $BCY $SRN $RISE $OK $NMR,0
Sun Feb 25 18:59:08 +0000 2018,5 min #RSI Signals:  $BTC - $NEO: 32.01 $BTC - $ZCL: 37.42 $BTC - $BITB: 39.58  $ETC $NXS $EMC2 $GBYTE $VTC $MANA $ERC $MLN $GNO $DCT $SC,0
Sun Feb 25 18:59:08 +0000 2018,15 min #RSI Signals:  $BTC - $BITB: 34.93 $BTC - $ZCL: 37.1  $WINGS $ETC $BRK $NMR $UKG $PPC $ADX $NXT $TRUST $LGD $IOP $SALT $XVG $MANA,0
Sun Feb 25 18:59:05 +0000 2018,30 min #RSI Signals:  $BTC - $BITB: 32.48 $USDT - $BTG: 34.0  $VIA $INFX $LTC $SWIFT $TIX $BSD $PTOY $ERC $EFL $SEQ $OMNI $WINGS $AEON,0
Sun Feb 25 18:54:59 +0000 2018,Looking for more awesome people in crypto to follow.   Follow me and I‚Äôll follow you back!  $btc $ltc $$eth $trx‚Ä¶ https://t.co/AkNOLrRBz2,10
Sun Feb 25 18:54:03 +0000 2018,5 min #RSI Signals:  $BTC - $ZCL: 37.77 $BTC - $NBT: 39.85  $OMNI $ADX $WAVES $SEQ $FUN $INCNT $XWC $RADS $EXCL $ERC $THC $DCR $BLOCK $SC,0
Sun Feb 25 18:49:05 +0000 2018,5 min #RSI Signals:  $BTC - $BITB: 35.27  $ANT $ETC $NXT $CPC $SC $ZCL $NBT $GNT $LTC $GOLOS $MONA $ETH $PAY $STRAT $AUR $WINGS $WAVES,0
Sun Feb 25 18:47:07 +0000 2018,Risk-taking alphas dominate #Bitcoin. The entire monetary system is on the brink of a complete makeover. This is wh‚Ä¶ https://t.co/CT2lKmNxZX,10
Sun Feb 25 18:44:05 +0000 2018,15 min #RSI Signals:  $USDT - $BTG: 37.08 $BTC - $BITB: 37.22 $BTC - $ZCL: 39.51  $NMR $ANT $RISE $GAME $CRW $GEO $BCY $CRB $POT $XMR $SC,0
Sun Feb 25 18:42:33 +0000 2018,Risk-taking alphas dominate #Bitcoin. The entire monetary system is on the brink of a complete makeover. This is wh‚Ä¶ https://t.co/CT2lKmNxZX,10
Sun Feb 25 18:39:03 +0000 2018,5 min #RSI Signals:  $BTC - $ZCL: 34.25 $BTC - $BITB: 34.29 $USDT - $ZEC: 36.92 $USDT - $BTG: 38.62 $BTC - $BCPT: 39.98  $BRK $XRP $BRX,0
Sun Feb 25 18:38:03 +0000 2018,Risk-taking alphas dominate #Bitcoin. The entire monetary system is on the brink of a complete makeover. This is wh‚Ä¶ https://t.co/CT2lKmNxZX,10
Sun Feb 25 18:37:28 +0000 2018,Risk-taking alphas dominate #Bitcoin. The entire monetary system is on the brink of a complete makeover. This is wh‚Ä¶ https://t.co/CT2lKmNxZX,10
Sun Feb 25 18:37:06 +0000 2018,Risk-taking alphas dominate #Bitcoin. The entire monetary system is on the brink of a complete makeover. This is wh‚Ä¶ https://t.co/CT2lKmNxZX,10
Sun Feb 25 18:34:03 +0000 2018,5 min #RSI Signals:  $BTC - $ZCL: 35.8 $USDT - $ZEC: 36.92 $BTC - $BITB: 38.85 $USDT - $BCC: 39.17 $BTC - $BCPT: 39.93  $ETC $SC $NMR $OK,0
Sun Feb 25 18:29:05 +0000 2018,30 min #RSI Signals:  $USDT - $BTC: 34.37 $BTC - $BITB: 34.52 $USDT - $ETC: 35.61 $BTC - $RDD: 36.83 $USDT - $ZEC: 38.32  $ERC $LGD $XMR,0
Sun Feb 25 18:29:04 +0000 2018,15 min #RSI Signals:  $BTC - $ZCL: 33.15 $BTC - $XLM: 34.69 $USDT - $ZEC: 37.77 $BTC - $RDD: 38.13 $USDT - $BTC: 38.49  $BLITZ $WINGS $OK,0
Sun Feb 25 18:29:03 +0000 2018,5 min #RSI Signals:  $BTC - $ZCL: 29.93 $USDT - $ZEC: 31.54 $BTC - $BCPT: 34.63 $BTC - $XLM: 37.53 $USDT - $BCC: 39.17  $GEO $XZC $ADX,0
Sun Feb 25 18:24:07 +0000 2018,5 min #RSI Signals:  $USDT - $ZEC: 31.54 $BTC - $ZCL: 31.86 $BTC - $ETC: 33.13 $USDT - $BTC: 39.0 $BTC - $BCPT: 39.79  $XMR $NXT $EBST,0
Sun Feb 25 18:22:03 +0000 2018,@VinnyLingham The biggest concern people should have are all the shitcoins and scams adding downward sell pressure‚Ä¶ https://t.co/TplkYoSJpB,17
Sun Feb 25 18:19:04 +0000 2018,5 min #RSI Signals:  $USDT - $ZEC: 31.54 $BTC - $ETC: 33.13 $USDT - $BTG: 35.71 $BTC - $ZCL: 38.28  $SALT $DOGE $BLK $NMR $TIX $SRN $VIB,0
Sun Feb 25 18:14:09 +0000 2018,15 min #RSI Signals:  $USDT - $DASH: 28.6 $USDT - $BTG: 31.67 $BTC - $ZCL: 36.07 $USDT - $BTC: 37.54 $USDT - $ETC: 37.97  $SNRG $OMNI $SC,0
Sun Feb 25 18:14:09 +0000 2018,5 min #RSI Signals:  $BTC - $ZCL: 30.43 $BTC - $ETC: 33.13 $USDT - $BTC: 37.83 $USDT - $ZEC: 39.2 $USDT - $ETC: 39.58  $LUN $PAY $GOLOS,0
Sun Feb 25 18:09:03 +0000 2018,5 min #RSI Signals:  $BTC - $ZCL: 23.4 $BTC - $LSK: 34.52 $BTC - $ETC: 35.03 $USDT - $ZEC: 35.53 $USDT - $OMG: 36.06  $SBD $GLD $VTR $SRN,0
Sun Feb 25 18:04:39 +0000 2018,üö®Obirum #Airdrop üö®   üëâhttps://t.co/DcurppDamE  @mikaint12 @coinstreasure @GodspowerChikw2 @ElixiumCrypto‚Ä¶ https://t.co/123GkzcDvx,0
Sun Feb 25 18:04:04 +0000 2018,5 min #RSI Signals:  $BTC - $ZCL: 23.45 $USDT - $ZEC: 35.53 $USDT - $OMG: 36.06 $BTC - $LSK: 36.75 $BTC - $BCPT: 38.42  $OMNI $IOC $EMC,0
Sun Feb 25 17:59:04 +0000 2018,5 min #RSI Signals:  $BTC - $ZCL: 25.31 $USDT - $ZEC: 35.75 $BTC - $RDD: 39.77  $GEO $NAV $VIA $XDN $OMNI $WINGS $ETC $HMQ $SHIFT $BITB,0
Sun Feb 25 17:59:04 +0000 2018,30 min #RSI Signals:  $USDT - $DASH: 36.28 $BTC - $RDD: 36.83 $USDT - $BTG: 36.84 $USDT - $BTC: 37.29 $BTC - $BITB: 38.23  $DGB $BRX $BCY,0
Sun Feb 25 17:59:04 +0000 2018,15 min #RSI Signals:  $USDT - $DASH: 28.6 $BTC - $ZCL: 35.62 $BTC - $RDD: 36.11 $USDT - $ZEC: 39.91  $RLC $OMG $ERC $DOGE $XRP $CLUB $SPR,0
Sun Feb 25 17:59:03 +0000 2018,60 min #RSI Signals:  $BTC - $BITB: 34.78 $USDT - $BTC: 36.37 $USDT - $DASH: 37.62 $USDT - $BTG: 38.68 $USDT - $ZEC: 39.32  $NBT $BCY $OK,0
Sun Feb 25 17:58:39 +0000 2018,üö®CGM #Airdrop üö® Register and Join Telegram channel &amp; community and receive 10 CGMs  for free (1CGM=$1.98)  üëâ‚Ä¶ https://t.co/3OFsidQlaY,0
Sun Feb 25 17:54:04 +0000 2018,5 min #RSI Signals:  $USDT - $NXT: 30.47 $BTC - $BCPT: 37.35 $BTC - $ZCL: 38.22 $BTC - $RDD: 39.77  $VRM $TKS $LTC $WINGS $DGB $ANT $LGD,0
Sun Feb 25 17:49:03 +0000 2018,5 min #RSI Signals:  $BTC - $BCPT: 36.45 $BTC - $ZCL: 38.68 $USDT - $NXT: 38.84 $BTC - $RDD: 39.77  $LTC $NMR $WINGS $NEOS $FLO $BITB $SC,0
Sun Feb 25 17:44:10 +0000 2018,5 min #RSI Signals:  $USDT - $NXT: 38.84 $USDT - $ZEC: 39.12 $BTC - $RDD: 39.77  $BNT $HMQ $DNT $ENG $RLC $MUE $EDG $NMR $BLITZ $IGNIS,0
Sun Feb 25 17:44:04 +0000 2018,15 min #RSI Signals:  $USDT - $BTG: 32.47 $BTC - $RDD: 36.11 $BTC - $XLM: 37.2  $RADS $XMR $ETC $ENG $XVG $NMR $NXT $IGNIS $QRL $SC $ABY,0
Sun Feb 25 17:39:33 +0000 2018,Day 4 of the Clinicon #TokenSale is LIVE! 50% bonus at https://t.co/MpCAtxRhPT   #cryptocurrency #health #wellness‚Ä¶ https://t.co/iUniMJGNMg,10
Sun Feb 25 17:39:04 +0000 2018,5 min #RSI Signals:  $BTC - $XLM: 34.8 $USDT - $ZEC: 39.12  $RLC $RCN $NMR $EMC $ADX $2GIVE $ETC $GNT $GLD $QRL $GOLOS $BRX $STEEM $LTC,0
Sun Feb 25 17:35:16 +0000 2018,5 min #RSI Signals:  $BTC - $WINGS: 39.66  $ADA $COVAL $XMR $NMR $NXS $RLC $LTC $VTC $HMQ $LUN $PDC $BCPT $ETC $WAVES $XRP $PAY $SWT $OMG,1
Sun Feb 25 17:29:12 +0000 2018,15 min #RSI Signals:  $USDT - $BTG: 39.09 $BTC - $RDD: 39.41 $BTC - $XLM: 39.68  $GLD $CLOAK $GOLOS $NAV $XVG $SC $BCC $SALT $MANA $ETC,0
Sun Feb 25 17:29:12 +0000 2018,30 min #RSI Signals:  $USDT - $ETC: 36.16 $USDT - $BTC: 37.52 $USDT - $BTG: 37.94 $BTC - $BITB: 38.23 $BTC - $RDD: 38.83  $DTB $XDN $ION,0
Sun Feb 25 17:29:04 +0000 2018,5 min #RSI Signals:  $USDT - $NXT: 34.14 $BTC - $XLM: 37.64 $USDT - $ZEC: 39.12  $AUR $WAX $GOLOS $SRN $SPR $XZC $WINGS $ETC $MEME $MUE,0
Sun Feb 25 17:24:08 +0000 2018,5 min #RSI Signals:  $BTC - $RDD: 38.34 $USDT - $ZEC: 39.12  $ZCL $XVG $NMR $SNRG $HMQ $GOLOS $SALT $ADX $SRN $BITB $IOC $MLN $PTC $SWT,0
Sun Feb 25 17:21:54 +0000 2018,We'll get a small 5% bounce on #Bitcoin at 9k range with the 9.5k support becoming our resistance. We'll then have‚Ä¶ https://t.co/XHrHw61i9l,0
Sun Feb 25 17:16:43 +0000 2018,@SteemPresident @envion_org @theChandanGupta @maximalcrypto I understand that newbie investor expect 10x overnight ‚Ä¶ https://t.co/Lx3q18LpL0,0
Sun Feb 25 17:14:05 +0000 2018,15 min #RSI Signals:  $BTC - $BITB: 36.85 $USDT - $BTC: 38.08 $BTC - $WINGS: 38.68 $USDT - $BTG: 39.09 $BTC - $RDD: 39.41  $NMR $NXT $XVG,0
Sun Feb 25 17:13:41 +0000 2018,Looking for more awesome people in crypto to follow.   Follow me and I‚Äôll follow you back!  $btc $ltc $$eth $trx‚Ä¶ https://t.co/AkNOLrRBz2,10
Sun Feb 25 16:59:47 +0000 2018,15 min #RSI Signals:  $BTC - $BITB: 36.85 $BTC - $WINGS: 37.46 $USDT - $BTG: 39.09  $BURST $ETC $SRN $RISE $OMG $RDD $SIB $DCR $LTC $BCPT,1
Sun Feb 25 16:59:10 +0000 2018,60 min #RSI Signals:  $BTC - $BITB: 29.53 $BTC - $XEM: 36.17 $USDT - $BTC: 37.32 $USDT - $ETC: 38.49 $USDT - $BTG: 39.38  $BCC $PIVX $CRW,0
Sun Feb 25 16:59:03 +0000 2018,15 min #RSI Signals:  $BTC - $BITB: 36.85 $BTC - $WINGS: 37.46 $USDT - $BTG: 39.09  $BURST $ETC $SRN $RISE $OMG $RDD $SIB $DCR $LTC $BCPT,1
Sun Feb 25 16:59:03 +0000 2018,30 min #RSI Signals:  $BTC - $BITB: 31.92 $USDT - $ETC: 37.47 $BTC - $XEM: 37.63 $USDT - $BTG: 37.94 $USDT - $BTC: 38.67  $HMQ $GEO $SRN,0
Sun Feb 25 16:55:16 +0000 2018,Thanks for the positive feedback on my charting!  Here is where $BTC goes next based on strong Fib lines.  We compl‚Ä¶ https://t.co/w7PIpAIoJP,0
Sun Feb 25 16:54:03 +0000 2018,5 min #RSI Signals:  $BTC - $WINGS: 39.66  $ADA $COVAL $XMR $NMR $NXS $RLC $LTC $VTC $HMQ $LUN $PDC $BCPT $ETC $WAVES $XRP $PAY $SWT $OMG,1
Sun Feb 25 16:44:05 +0000 2018,15 min #RSI Signals:  $BTC - $WINGS: 35.79 $USDT - $BTG: 36.15 $BTC - $BITB: 38.8  $EMC $SALT $ETC $BURST $SIB $SRN $THC $VEE $AEON $EXCL,0
Sun Feb 25 16:39:04 +0000 2018,5 min #RSI Signals:  $BTC - $WINGS: 36.97  $DCT $GUP $NXT $THC $BITB $ADX $CRW $ETC $TRST $XEL $DNT $XVG $NBT $OMG $XDN $NLG $PAY $RISE,0
Sun Feb 25 16:36:46 +0000 2018,üö®MaxData #Airdrop üö® Join the Telegram Group and fill out the form and win the tokens!  üëâhttps://t.co/TwQRTYgp80‚Ä¶ https://t.co/N9Fd4p1yTk,0
Sun Feb 25 16:34:05 +0000 2018,5 min #RSI Signals:  $BTC - $XVG: 39.96  $SNRG $TRST $CLOAK $RADS $LUN $MANA $VIB $COVAL $ION $REP $CURE $VTR $BYC $LTC $AUR $AEON $XMR,0
Sun Feb 25 16:29:04 +0000 2018,15 min #RSI Signals:  $BTC - $WINGS: 36.73 $USDT - $BTG: 37.85 $BTC - $BITB: 39.77  $XZC $START $ADX $SRN $PART $IGNIS $VIA $BCPT $RISE,0
Sun Feb 25 16:29:03 +0000 2018,30 min #RSI Signals:  $BTC - $BITB: 33.85 $USDT - $BTG: 37.94 $USDT - $BTC: 39.49 $USDT - $XMR: 39.95  $XVG $FTC $EMC $GOLOS $ETC $NEO,0
Sun Feb 25 16:18:25 +0000 2018,Thanks for #bitcoin going down I've been collecting all my SATS from #dgd the money maker when #btc is going down.‚Ä¶ https://t.co/SD8xM9Ib86,1
Sun Feb 25 16:17:57 +0000 2018,Thanks for #bitcoin going down I've been collecting all my SATS from #dgd the money maker when #btc is going down.‚Ä¶ https://t.co/SD8xM9Ib86,1
Sun Feb 25 16:14:15 +0000 2018,5 min #RSI Signals:  $USDT - $XMR: 37.95 $BTC - $STRAT: 38.15  $ETC $AEON $NXT $XWC $CRB $NMR $WAVES $POT $CLOAK $HMQ $LTC $GNO $WINGS,0
Sun Feb 25 16:14:03 +0000 2018,15 min #RSI Signals:  $USDT - $BTG: 37.85 $USDT - $XMR: 38.31 $BTC - $BITB: 38.33 $BTC - $WINGS: 38.68 $USDT - $XVG: 39.66  $SRN $ERC $SC,0
Sun Feb 25 16:13:37 +0000 2018,C'mon #bitcoin let's keep dropping to new lower lows. #btc #crypto #cryptocurrency #cryptocurrencies,1
Sun Feb 25 16:11:33 +0000 2018,0.25BTC„Åß„Åô„Å≠„ÄÇ https://t.co/4ESurUgZwh,1
Sun Feb 25 16:08:21 +0000 2018,C'mon #bitcoin let's keep dropping to new lower lows. #btc #crypto #cryptocurrency #cryptocurrencies,1
Sun Feb 25 15:59:15 +0000 2018,60 min #RSI Signals:  $BTC - $BITB: 29.98 $BTC - $XEM: 35.96 $USDT - $BTC: 37.7 $USDT - $BTG: 39.84  $BAY $UKG $BRX $MCO $PAY $SALT $ENRG,0
Sun Feb 25 15:59:09 +0000 2018,15 min #RSI Signals:  $BTC - $WINGS: 36.11 $BTC - $BITB: 36.93 $USDT - $BTG: 38.78  $EMC2 $XMR $GBYTE $BCY $MANA $NXT $AEON $ETC $QRL $OK,0
Sun Feb 25 15:59:05 +0000 2018,30 min #RSI Signals:  $BTC - $BITB: 31.28 $BTC - $XEM: 35.6 $USDT - $BTG: 38.58 $USDT - $BTC: 39.09  $GEO $ION $VIB $XMR $SIB $MANA $VIA,0
Sun Feb 25 15:56:04 +0000 2018,Looking for more awesome people in crypto to follow.   Follow me and I‚Äôll follow you back!  $btc $ltc $$eth $trx‚Ä¶ https://t.co/AkNOLrRBz2,10
Sun Feb 25 15:54:06 +0000 2018,5 min #RSI Signals:  $BTC - $WINGS: 34.86 $USDT - $XVG: 35.03  $SALT $TRST $LTC $SWIFT $SC $ADX $ETC $MAID $NBT $NMR $QRL $SHIFT $XMY $OK,0
Sun Feb 25 15:49:07 +0000 2018,5 min #RSI Signals:  $USDT - $XVG: 36.19 $BTC - $XVG: 37.45 $USDT - $BTC: 37.6  $BLITZ $XRP $CPC $VTR $BCPT $BRK $ZCL $THC $OMG $GNT $PAY,0
Sun Feb 25 15:44:04 +0000 2018,15 min #RSI Signals:  $USDT - $BTC: 33.02 $BTC - $RDD: 33.06 $USDT - $BTG: 33.4 $BTC - $BITB: 35.57 $USDT - $ETC: 36.38  $FUN $OMNI $SIB,0
Sun Feb 25 15:44:03 +0000 2018,5 min #RSI Signals:  $USDT - $XVG: 34.16 $BTC - $XVG: 34.58 $USDT - $XMR: 37.01 $BTC - $WINGS: 38.39 $BTC - $RDD: 38.56  $VEE $GEO $VTC,0
Sun Feb 25 15:39:47 +0000 2018,All set for absoluteradio #80schart in the Bahamas. BTC antenna 200m off the starboard bow https://t.co/TnixZZdOtE,0
Sun Feb 25 15:39:07 +0000 2018,5 min #RSI Signals:  $BTC - $WINGS: 33.56 $USDT - $DASH: 33.92 $USDT - $XVG: 34.16 $USDT - $BTG: 35.58 $USDT - $BCC: 35.64  $EDG $GUP $SC,0
Sun Feb 25 15:34:05 +0000 2018,5 min #RSI Signals:  $USDT - $BTC: 26.53 $USDT - $DASH: 33.92 $USDT - $XVG: 34.16 $USDT - $BTG: 35.58 $USDT - $ETC: 35.85  $MUE $AEON $SC,0
Sun Feb 25 15:29:12 +0000 2018,15 min #RSI Signals:  $USDT - $BTG: 24.81 $BTC - $BITB: 28.4 $USDT - $BTC: 31.4 $USDT - $OMG: 32.57 $BTC - $RDD: 33.06  $XVG $SIB $MAID,0
Sun Feb 25 15:29:04 +0000 2018,30 min #RSI Signals:  $USDT - $BTG: 29.22 $USDT - $ETC: 30.27 $USDT - $BTC: 31.58 $USDT - $OMG: 34.15 $USDT - $NEO: 36.45  $GNO $SIB $AUR,0
Sun Feb 25 15:29:04 +0000 2018,5 min #RSI Signals:  $USDT - $BTC: 31.94 $BTC - $XVG: 34.5 $USDT - $BTG: 35.58 $BTC - $BITB: 35.72 $USDT - $NEO: 36.31  $NLG $OMG $VTC,0
Sun Feb 25 15:24:03 +0000 2018,5 min #RSI Signals:  $USDT - $BTG: 27.83 $USDT - $XVG: 30.0 $USDT - $BTC: 30.32 $USDT - $BCC: 31.73 $BTC - $BITB: 33.75  $1ST $NMR $ABY,0
Sun Feb 25 15:19:04 +0000 2018,5 min #RSI Signals:  $USDT - $DASH: 25.81 $USDT - $BTG: 29.07 $USDT - $BTC: 30.6 $USDT - $BCC: 31.73 $USDT - $XMR: 32.92  $ABY $STORJ $SC,0
Sun Feb 25 15:14:11 +0000 2018,5 min #RSI Signals:  $USDT - $BTG: 31.16 $USDT - $BTC: 32.53 $USDT - $XMR: 32.92 $USDT - $BCC: 33.21 $USDT - $XVG: 34.52  $XMY $ZCL $RCN,0
Sun Feb 25 15:14:04 +0000 2018,15 min #RSI Signals:  $USDT - $BTG: 24.81 $BTC - $BITB: 30.28 $USDT - $BTC: 32.36 $USDT - $ETC: 32.45 $BTC - $RDD: 33.06  $DOGE $VOX $XMR,0
Sun Feb 25 15:09:04 +0000 2018,5 min #RSI Signals:  $BTC - $RDD: 30.63 $USDT - $NEO: 31.92 $USDT - $BTG: 32.52 $USDT - $XMR: 32.92 $BTC - $XVG: 33.83  $PART $KMD $NXS,0
Sun Feb 25 15:04:06 +0000 2018,5 min #RSI Signals:  $USDT - $BTG: 32.52 $USDT - $LTC: 32.82 $BTC - $BITB: 32.94 $USDT - $BTC: 34.41 $USDT - $ETC: 35.62  $BURST $THC $SC,0
Sun Feb 25 15:01:46 +0000 2018,5 min #RSI Signals:  $BTC - $RDD: 32.9 $BTC - $BITB: 37.11 $BTC - $ETC: 37.61 $BTC - $WINGS: 39.12  $BCY $LUN $UKG $ANT $LGD $ENG $DNT,4
Sun Feb 25 14:59:09 +0000 2018,15 min #RSI Signals:  $BTC - $BITB: 24.06 $USDT - $BTG: 28.83 $BTC - $RDD: 35.3 $USDT - $BTC: 35.33 $USDT - $ETC: 36.32  $BURST $GEO $WAX,0
Sun Feb 25 14:59:05 +0000 2018,5 min #RSI Signals:  $USDT - $XMR: 27.75 $BTC - $BITB: 28.92 $BTC - $RDD: 34.75 $USDT - $BTG: 36.88 $USDT - $NEO: 37.0  $ZCL $DNT $KMD,0
Sun Feb 25 14:59:04 +0000 2018,60 min #RSI Signals:  $USDT - $BTC: 36.53 $USDT - $ETC: 37.02 $BTC - $XEM: 37.58 $USDT - $BCC: 37.69 $USDT - $BTG: 38.31  $VTR $BCPT $VEE,0
Sun Feb 25 14:59:04 +0000 2018,30 min #RSI Signals:  $USDT - $BTG: 32.59 $USDT - $ETC: 32.67 $USDT - $BTC: 34.67 $USDT - $XMR: 36.78 $BTC - $ETC: 36.9  $CRB $NBT $DCT,0
Sun Feb 25 14:54:05 +0000 2018,5 min #RSI Signals:  $USDT - $XMR: 31.94 $BTC - $BITB: 32.55 $BTC - $RDD: 34.75 $USDT - $BCC: 35.88 $USDT - $BTC: 35.93  $EMC $OMG $ETC,0
Sun Feb 25 14:49:05 +0000 2018,5 min #RSI Signals:  $BTC - $WINGS: 33.14 $BTC - $BITB: 35.66 $USDT - $BTC: 37.09 $USDT - $BTG: 37.54 $USDT - $BCC: 38.18  $NXT $VTR $RLC,0
Sun Feb 25 14:44:05 +0000 2018,5 min #RSI Signals:  $BTC - $WINGS: 32.47 $BTC - $BITB: 35.66 $BTC - $RDD: 39.49  $CLOAK $ADX $ETC $BTG $MCO $SPR $CRW $XRP $SWT $EMC $OK,0
Sun Feb 25 14:44:04 +0000 2018,15 min #RSI Signals:  $BTC - $BITB: 28.14 $USDT - $BTG: 35.34 $BTC - $WINGS: 35.39 $BTC - $RDD: 37.67 $USDT - $BTC: 37.75  $ETH $IOC $VTR,0
Sun Feb 25 14:39:12 +0000 2018,5 min #RSI Signals:  $USDT - $BTG: 32.76 $BTC - $BITB: 36.66 $BTC - $WINGS: 37.07 $BTC - $RDD: 39.49  $XLM $SBD $DCT $WAX $MONA $VIA $XRP,0
Sun Feb 25 14:38:42 +0000 2018,Looking for more awesome people in crypto to follow.   Follow me and I‚Äôll follow you back!  $btc $ltc $$eth $trx‚Ä¶ https://t.co/AkNOLrRBz2,10
Sun Feb 25 14:34:04 +0000 2018,5 min #RSI Signals:  $BTC - $WINGS: 34.35 $BTC - $BITB: 37.65  $NXT $OMG $OMNI $SRN $CLAM $XVC $ETC $MANA $DNT $PART $WAVES $BCPT $NMR,0
Sun Feb 25 14:29:08 +0000 2018,30 min #RSI Signals:  $BTC - $BITB: 25.04 $USDT - $ETC: 35.29 $USDT - $BTG: 35.46 $BTC - $ETC: 37.21 $USDT - $BTC: 37.45  $EBST $SWIFT,0
Sun Feb 25 14:29:08 +0000 2018,5 min #RSI Signals:  $BTC - $WINGS: 28.81 $USDT - $BTG: 31.51 $BTC - $BITB: 36.05 $USDT - $NEO: 37.35  $ANT $NXS $MUE $SC $NBT $TKS $XMR,0
Sun Feb 25 14:29:04 +0000 2018,15 min #RSI Signals:  $BTC - $BITB: 28.78 $USDT - $BTG: 29.67 $BTC - $WINGS: 35.56 $USDT - $DASH: 37.97 $USDT - $NEO: 38.14  $ETC $NXT,0
Sun Feb 25 14:24:13 +0000 2018,Looking for more awesome people in crypto to follow.   Follow me and I‚Äôll follow you back!  $btc $ltc $$eth $trx‚Ä¶ https://t.co/AkNOLrRBz2,10
Sun Feb 25 14:24:11 +0000 2018,5 min #RSI Signals:  $USDT - $BTG: 23.68 $BTC - $WINGS: 29.55 $USDT - $DASH: 29.99 $USDT - $ADA: 36.46 $BTC - $BITB: 36.93  $BCPT $XRP,0
Sun Feb 25 14:19:25 +0000 2018,SMARTRealty is now accepting accepting BTC  ETH  BCH  LTC  ETC  ADA  and ZEC for the RLTY token sale. Only a few mo‚Ä¶ https://t.co/DBiKWgscsS,212
Sun Feb 25 14:19:05 +0000 2018,5 min #RSI Signals:  $BTC - $WINGS: 31.7 $BTC - $BITB: 32.33 $USDT - $NEO: 33.26 $USDT - $DASH: 35.49 $USDT - $BTG: 35.83  $EDG $DGB $ENG,0
Sun Feb 25 14:14:06 +0000 2018,5 min #RSI Signals:  $BTC - $WINGS: 28.9 $USDT - $NEO: 31.45 $BTC - $BITB: 34.68 $USDT - $BTG: 35.14 $USDT - $BCC: 36.37  $NMR $DYN $BRX,0
Sun Feb 25 14:14:04 +0000 2018,15 min #RSI Signals:  $BTC - $BITB: 29.41 $USDT - $DASH: 33.54 $USDT - $BTG: 34.59 $USDT - $NEO: 34.7 $USDT - $BCC: 35.68  $ZEC $CLOAK,0
Sun Feb 25 14:09:05 +0000 2018,5 min #RSI Signals:  $USDT - $DASH: 27.48 $BTC - $WINGS: 30.25 $USDT - $BTG: 35.14 $USDT - $BCC: 36.08 $BTC - $ETC: 36.44  $SPR $XMY $SRN,0
Sun Feb 25 14:04:06 +0000 2018,5 min #RSI Signals:  $USDT - $DASH: 27.48 $BTC - $BITB: 30.9 $BTC - $WINGS: 34.86 $USDT - $BTG: 35.14 $BTC - $ADA: 35.83  $XVG $GAME $RDD,0
Sun Feb 25 13:59:07 +0000 2018,60 min #RSI Signals:  $BTC - $BITB: 32.1 $BTC - $XEM: 39.22 $USDT - $ETC: 39.39 $USDT - $BTC: 39.41  $SALT $INFX $ADX $GUP $NAV $CRB $VTR,0
Sun Feb 25 13:59:07 +0000 2018,30 min #RSI Signals:  $BTC - $BITB: 33.36 $USDT - $ETC: 36.01 $BTC - $ETC: 37.27 $USDT - $BTC: 38.77 $USDT - $BTG: 39.06  $MANA $LTC $CFI,0
Sun Feb 25 13:59:05 +0000 2018,15 min #RSI Signals:  $USDT - $BTG: 34.77 $USDT - $DASH: 34.84 $BTC - $ETC: 37.86 $USDT - $NEO: 38.4 $USDT - $BCC: 38.74  $STRAT $EMC $SC,0
Sun Feb 25 13:59:05 +0000 2018,5 min #RSI Signals:  $BTC - $ADA: 31.89 $USDT - $NXT: 34.01 $USDT - $BTG: 35.45 $BTC - $WINGS: 36.21 $USDT - $ADA: 36.79  $GEO $CFI $SPR,0
Sun Feb 25 13:54:05 +0000 2018,5 min #RSI Signals:  $BTC - $ADA: 31.89 $USDT - $ETC: 32.67 $USDT - $NXT: 34.01 $USDT - $BCC: 34.17 $USDT - $ZEC: 34.94  $HMQ $MONA $BCY,0
Sun Feb 25 13:49:04 +0000 2018,5 min #RSI Signals:  $USDT - $NEO: 26.44 $USDT - $ADA: 28.0 $BTC - $ADA: 30.66 $BTC - $WINGS: 31.59 $USDT - $BTC: 32.09  $VTR $QRL $SHIFT,0
Sun Feb 25 13:44:05 +0000 2018,15 min #RSI Signals:  $BTC - $ETC: 28.73 $USDT - $BCC: 32.73 $USDT - $BTC: 33.92 $BTC - $BITB: 33.93 $USDT - $OMG: 35.55  $OMNI $SHIFT,0
Sun Feb 25 13:44:04 +0000 2018,5 min #RSI Signals:  $USDT - $ADA: 28.0 $BTC - $ADA: 28.26 $USDT - $BCC: 28.3 $USDT - $XMR: 30.43 $USDT - $BTC: 32.76  $SPR $THC $EBST,0
Sun Feb 25 13:39:04 +0000 2018,5 min #RSI Signals:  $USDT - $NEO: 23.78 $USDT - $ETC: 25.6 $BTC - $ADA: 29.2 $USDT - $ADA: 30.08 $USDT - $DASH: 30.17  $QTUM $VRM $MEME,0
Sun Feb 25 13:34:05 +0000 2018,5 min #RSI Signals:  $USDT - $ETC: 25.72 $USDT - $NEO: 27.42 $USDT - $OMG: 29.29 $BTC - $ADA: 30.13 $USDT - $DASH: 30.17  $ADX $SALT $ERC,0
Sun Feb 25 13:29:13 +0000 2018,30 min #RSI Signals:  $BTC - $ETC: 29.13 $USDT - $ETC: 33.15 $BTC - $BITB: 37.86  $SC $BYC $WINGS $SLR $XMR $LTC $MCO $SIB $BCPT $NLG $OK,0
Sun Feb 25 13:29:05 +0000 2018,15 min #RSI Signals:  $BTC - $ETC: 25.92 $USDT - $ETC: 28.14 $USDT - $OMG: 39.31 $USDT - $BTG: 39.72  $BITB $VEE $XDN $MONA $EMC $VIB $SC,0
Sun Feb 25 13:29:05 +0000 2018,5 min #RSI Signals:  $USDT - $NXT: 24.46 $BTC - $ETC: 29.04 $USDT - $ETC: 29.61 $USDT - $NEO: 31.13 $USDT - $OMG: 35.75  $NLG $WINGS $ENG,0
Sun Feb 25 13:24:06 +0000 2018,5 min #RSI Signals:  $USDT - $NXT: 24.46 $BTC - $ETC: 32.7 $USDT - $NEO: 34.87 $USDT - $ETC: 35.3 $USDT - $XMR: 36.71  $SRN $EMC2 $QWARK,0
Sun Feb 25 13:19:06 +0000 2018,5 min #RSI Signals:  $USDT - $NXT: 24.46 $USDT - $ETC: 33.42 $BTC - $BITB: 35.2 $USDT - $OMG: 37.27 $USDT - $BTG: 37.67  $SPR $NAV $RLC,0
Sun Feb 25 13:15:23 +0000 2018,5 min #RSI Signals:  $USDT - $NXT: 24.46 $USDT - $ETC: 33.02 $USDT - $OMG: 37.27 $USDT - $BTG: 37.67 $BTC - $ETC: 37.89  $MANA $TRST $PTC,1
Sun Feb 25 13:14:05 +0000 2018,5 min #RSI Signals:  $USDT - $NXT: 24.46 $USDT - $ETC: 33.02 $USDT - $OMG: 37.27 $USDT - $BTG: 37.67 $BTC - $ETC: 37.89  $MANA $TRST $PTC,1
Sun Feb 25 13:14:04 +0000 2018,15 min #RSI Signals:  $USDT - $ETC: 31.0 $BTC - $ETC: 31.72 $BTC - $BITB: 38.84 $USDT - $BTG: 39.72  $THC $GAM $SRN $AEON $LTC $NLG $ADX,0
Sun Feb 25 13:09:05 +0000 2018,5 min #RSI Signals:  $BTC - $OMG: 34.32 $USDT - $OMG: 37.27 $USDT - $BTG: 37.67 $USDT - $ETC: 38.03 $BTC - $ETC: 38.18  $NMR $VRM $BCY,0
Sun Feb 25 13:07:23 +0000 2018,5 min #RSI Signals:  $USDT - $NEO: 32.78 $BTC - $ETC: 34.49 $USDT - $BCC: 36.05 $USDT - $OMG: 37.27 $USDT - $ETC: 37.29  $NXT $2GIVE $BRX,1
Sun Feb 25 13:04:14 +0000 2018,5 min #RSI Signals:  $USDT - $NEO: 32.78 $BTC - $ETC: 34.49 $USDT - $BCC: 36.05 $USDT - $OMG: 37.27 $USDT - $ETC: 37.29  $NXT $2GIVE $BRX,1
Sun Feb 25 13:02:52 +0000 2018,Day 4 of the Clinicon #TokenSale is LIVE! 50% bonus at https://t.co/MpCAtxRhPT   #cryptocurrency #health #wellness‚Ä¶ https://t.co/iUniMJGNMg,10
Sun Feb 25 12:59:13 +0000 2018,30 min #RSI Signals:  $BTC - $ETC: 33.96 $USDT - $ETC: 35.97 $BTC - $BITB: 38.83  $BNT $FTC $DCT $SNRG $ADX $VRM $XMY $OMG $NMR $CRB $VTR,0
Sun Feb 25 12:59:06 +0000 2018,15 min #RSI Signals:  $USDT - $ETC: 31.96 $BTC - $ETC: 32.31 $USDT - $BCC: 37.41 $USDT - $OMG: 38.18 $BTC - $STRAT: 38.52  $SALT $WINGS,0
Sun Feb 25 12:59:05 +0000 2018,60 min #RSI Signals:  $BTC - $BITB: 36.33  $LGD $VTR $XVG $CLOAK $BCY $ADX $IOC $MUSIC $MANA $PDC $BLITZ $2GIVE $WINGS $EBST $GBYTE $QRL,0
Sun Feb 25 12:46:31 +0000 2018,#Telegram needs an auto-translate feature so that ten different languages could be used in one chat and you would a‚Ä¶ https://t.co/CrQO9SAcNU,27
Sun Feb 25 12:44:10 +0000 2018,15 min #RSI Signals:  $BTC - $SALT: 31.5 $BTC - $ETC: 34.31 $USDT - $ETC: 34.38 $USDT - $BTC: 38.81 $USDT - $BCC: 39.28  $XWC $NAV $SHIFT,0
Sun Feb 25 12:44:05 +0000 2018,5 min #RSI Signals:  $USDT - $NEO: 31.01 $USDT - $BCC: 31.25 $USDT - $ETC: 31.88 $USDT - $XMR: 32.83 $USDT - $BTC: 33.82  $BLITZ $OMG $SC,0
Sun Feb 25 12:39:06 +0000 2018,5 min #RSI Signals:  $USDT - $DASH: 28.97 $USDT - $LTC: 29.44 $USDT - $ETC: 32.52 $USDT - $BTG: 36.79 $USDT - $BTC: 38.84  $NMR $RLC $BYC,0
Sun Feb 25 12:34:05 +0000 2018,5 min #RSI Signals:  $USDT - $DASH: 34.89 $USDT - $LTC: 35.84 $BTC - $SALT: 35.95 $USDT - $OMG: 36.61 $USDT - $BTG: 36.79  $NLG $LUN $RDD,0
Sun Feb 25 12:29:07 +0000 2018,5 min #RSI Signals:  $USDT - $ETC: 32.68 $BTC - $OMG: 34.07 $USDT - $DASH: 35.11 $BTC - $SALT: 35.95 $USDT - $BTG: 37.43  $HMQ $XMR $ENG,0
Sun Feb 25 12:29:06 +0000 2018,15 min #RSI Signals:  $BTC - $SALT: 31.99 $USDT - $ETC: 36.74 $BTC - $ETC: 38.75 $BTC - $STRAT: 39.36  $RDD $PART $OMNI $UKG $GLD $EMC,0
Sun Feb 25 12:29:05 +0000 2018,30 min #RSI Signals:  $BTC - $SALT: 35.72 $BTC - $ETC: 38.84 $USDT - $ETC: 39.51  $SHIFT $VEE $CRB $QRL $SPR $CLOAK $RISE $ZCL $ADX $SIB,0
Sun Feb 25 12:24:05 +0000 2018,5 min #RSI Signals:  $USDT - $DASH: 35.11 $BTC - $SALT: 35.95 $BTC - $ETC: 36.68 $USDT - $ETC: 37.06 $BTC - $OMG: 38.77  $XEL $GLD $QTUM,0
Sun Feb 25 12:20:17 +0000 2018,5 min #RSI Signals:  $BTC - $SALT: 34.27 $USDT - $DASH: 35.11 $USDT - $BTC: 38.79  $ETC $NXS $COVAL $NAV $OMG $XCP $CFI $MLN $CRB $PTOY,1
Sun Feb 25 12:19:04 +0000 2018,5 min #RSI Signals:  $BTC - $SALT: 34.27 $USDT - $DASH: 35.11 $USDT - $BTC: 38.79  $ETC $NXS $COVAL $NAV $OMG $XCP $CFI $MLN $CRB $PTOY,1
Sun Feb 25 12:14:05 +0000 2018,15 min #RSI Signals:  $BTC - $SALT: 34.47 $BTC - $ETC: 38.75 $BTC - $RDD: 39.88  $XVG $SRN $GOLOS $RISE $NAV $GEO $ENG $CLOAK $IGNIS $LTC,0
Sun Feb 25 12:09:06 +0000 2018,5 min #RSI Signals:  $USDT - $BTG: 27.06 $BTC - $STRAT: 33.77 $USDT - $DASH: 35.11  $RADS $ERC $XVG $OMNI $OMG $SYS $RISE $2GIVE $GOLOS,0
Sun Feb 25 12:04:06 +0000 2018,5 min #RSI Signals:  $USDT - $BTG: 27.06 $USDT - $DASH: 35.11 $BTC - $STRAT: 36.47 $BTC - $NEO: 37.0 $BTC - $SALT: 38.26  $STORJ $ADX $SC,0
Sun Feb 25 12:01:59 +0000 2018,Day 4 of the Clinicon #TokenSale is LIVE! 50% bonus at https://t.co/MpCAtxRhPT   #cryptocurrency #health #wellness‚Ä¶ https://t.co/iUniMJGNMg,10
Sun Feb 25 11:59:16 +0000 2018,60 min #RSI Signals:  $BTC - $BITB: 36.33  $BLOCK $EMC $CFI $RISE $ETC $DNT $PDC $BRK $GOLOS $BLITZ $ZEC $RLC $EBST $VTR $CRW $IOC $ANT,0
Sun Feb 25 11:59:05 +0000 2018,30 min #RSI Signals:  $BTC - $SALT: 36.93 $BTC - $BITB: 37.89  $EXP $ERC $LTC $RISE $ENG $OMNI $DCT $ZCL $XVG $ETC $UKG $XWC $PIVX $GOLOS,0
Sun Feb 25 11:59:05 +0000 2018,15 min #RSI Signals:  $BTC - $SALT: 33.75  $MCO $PART $CLOAK $POT $OMG $ETC $SHIFT $INCNT $GBYTE $BCPT $PINK $SYS $BURST $VIA $FLDC $CRW,0
Sun Feb 25 11:59:05 +0000 2018,5 min #RSI Signals:  $USDT - $DASH: 35.11 $USDT - $XRP: 37.13 $BTC - $SALT: 38.5 $USDT - $BTG: 39.67  $VTR $BITB $GEO $XVG $ABY $NMR $PDC,0
Sun Feb 25 11:54:05 +0000 2018,5 min #RSI Signals:  $BTC - $BITB: 33.19 $USDT - $DASH: 35.11 $BTC - $SALT: 38.18 $USDT - $BTG: 39.67  $SNRG $XRP $VRM $LTC $XDN $ERC $SC,0
Sun Feb 25 11:49:05 +0000 2018,5 min #RSI Signals:  $BTC - $BITB: 29.22  $ANT $BLK $XVG $SC $EXP $ADT $LTC $SWIFT $BCPT $PDC $ETC $SBD $EDG $GBYTE $ADX $RISE $RDD $RLC,0
Sun Feb 25 11:44:12 +0000 2018,15 min #RSI Signals:  $BTC - $BITB: 31.07 $BTC - $SALT: 37.0 $BTC - $XDN: 37.28 $BTC - $RDD: 37.78  $OMG $EMC2 $ETC $HMQ $RISE $NMR $LBC,0
Sun Feb 25 11:44:09 +0000 2018,5 min #RSI Signals:  $BTC - $BITB: 29.22 $BTC - $XDN: 32.61  $ETC $FUN $2GIVE $STRAT $INCNT $VEE $EBST $NMR $SALT $ADX $XMY $NLG $VTC $SC,0
Sun Feb 25 11:39:05 +0000 2018,5 min #RSI Signals:  $BTC - $BITB: 32.55 $BTC - $SALT: 37.25 $BTC - $XDN: 38.37  $CLOAK $QTUM $EMC $PDC $LBC $CRW $LTC $LUN $BCPT $BCC,0
Sun Feb 25 11:38:24 +0000 2018,5 min #RSI Signals:  $BTC - $RDD: 32.9 $BTC - $BITB: 37.11 $BTC - $ETC: 37.61 $BTC - $WINGS: 39.12  $BCY $LUN $UKG $ANT $LGD $ENG $DNT,4
Sun Feb 25 11:34:06 +0000 2018,5 min #RSI Signals:  $BTC - $BITB: 34.38 $BTC - $XDN: 38.37 $BTC - $SC: 39.49  $VTR $LTC $VRC $DCT $ABY $RISE $ADX $NMR $ANT $BLOCK $XLM,0
Sun Feb 25 11:29:06 +0000 2018,30 min #RSI Signals:  $BTC - $BITB: 31.7 $BTC - $RDD: 37.63 $BTC - $SALT: 38.85  $DOGE $RADS $QWARK $GOLOS $WAX $GNO $GEO $EMC $VEE $OMG,0
Sun Feb 25 11:29:05 +0000 2018,5 min #RSI Signals:  $BTC - $BITB: 26.76  $BLK $OMNI $ZCL $PART $DNT $GNT $OMG $NMR $XLM $CFI $THC $XRP $STORJ $BAY $SNRG $EMC2 $XWC $PDC,0
Sun Feb 25 11:29:05 +0000 2018,15 min #RSI Signals:  $BTC - $RDD: 29.8 $BTC - $BITB: 32.08 $BTC - $SALT: 37.1  $RISE $EBST $STRAT $SRN $QTUM $GUP $ADX $NMR $PDC $LTC,0
Sun Feb 25 11:24:06 +0000 2018,5 min #RSI Signals:  $BTC - $WINGS: 34.01 $BTC - $RDD: 37.32  $NMR $GUP $VIA $ADT $ZCL $WAVES $ETC $XWC $MUSIC $NXT $LTC $XVG $GBYTE $GNO,0
Sun Feb 25 11:22:56 +0000 2018,5 min #RSI Signals:  $BTC - $RDD: 32.9 $BTC - $BITB: 37.11 $BTC - $ETC: 37.61 $BTC - $WINGS: 39.12  $BCY $LUN $UKG $ANT $LGD $ENG $DNT,4
Sun Feb 25 11:19:05 +0000 2018,5 min #RSI Signals:  $BTC - $BITB: 33.09 $BTC - $RDD: 33.46 $BTC - $WINGS: 37.45 $USDT - $OMG: 39.19  $AEON $DOGE $REP $KMD $IGNIS $ADX,0
Sun Feb 25 11:16:55 +0000 2018,5 min #RSI Signals:  $BTC - $RDD: 24.11 $BTC - $BITB: 38.65 $USDT - $OMG: 39.19  $ZCL $WAVES $VTR $MLN $TIX $ETC $ABY $VTC $NMR $PDC $ADX,1
Sun Feb 25 11:16:03 +0000 2018,15 min #RSI Signals:  $BTC - $RDD: 31.69 $BTC - $SALT: 36.94  $XMR $LTC $ETC $ZEN $1ST $BLK $SC $MCO $OK $LUN $NMR $GAME $BITB $GCR $DNT,1
Sun Feb 25 11:16:00 +0000 2018,5 min #RSI Signals:  $BTC - $RDD: 37.78 $BTC - $BITB: 38.65 $BTC - $WINGS: 38.7 $USDT - $OMG: 39.19  $SWIFT $LTC $ETC $XRP $VIA $THC $XVG,1
Sun Feb 25 11:14:16 +0000 2018,5 min #RSI Signals:  $BTC - $RDD: 37.78 $BTC - $BITB: 38.65 $BTC - $WINGS: 38.7 $USDT - $OMG: 39.19  $SWIFT $LTC $ETC $XRP $VIA $THC $XVG,1
Sun Feb 25 11:14:09 +0000 2018,15 min #RSI Signals:  $BTC - $RDD: 31.69 $BTC - $SALT: 36.94  $XMR $LTC $ETC $ZEN $1ST $BLK $SC $MCO $OK $LUN $NMR $GAME $BITB $GCR $DNT,1
Sun Feb 25 11:09:15 +0000 2018,5 min #RSI Signals:  $BTC - $RDD: 24.11 $BTC - $BITB: 38.65 $USDT - $OMG: 39.19  $ZCL $WAVES $VTR $MLN $TIX $ETC $ABY $VTC $NMR $PDC $ADX,1
Sun Feb 25 11:07:58 +0000 2018,#JPMorgan flipsü§∏ Now backs #Cryptoüëá  ‚Äú#Cryptocurrency could be useful where current payment systems are slowÔºças acr‚Ä¶ https://t.co/PT311n65OI,3
Sun Feb 25 11:04:05 +0000 2018,5 min #RSI Signals:  $BTC - $RDD: 30.29  $DCT $PDC $ETC $TRST $CLOAK $DGB $CRB $QRL $XMR $WINGS $COVAL $PTOY $WAVES $BLITZ $SLR $EFL $LTC,0
Sun Feb 25 11:00:22 +0000 2018,5 min #RSI Signals:  $BTC - $RDD: 32.9 $BTC - $BITB: 37.11 $BTC - $ETC: 37.61 $BTC - $WINGS: 39.12  $BCY $LUN $UKG $ANT $LGD $ENG $DNT,4
Sun Feb 25 10:59:16 +0000 2018,5 min #RSI Signals:  $BTC - $RDD: 32.9 $BTC - $BITB: 37.11 $BTC - $ETC: 37.61 $BTC - $WINGS: 39.12  $BCY $LUN $UKG $ANT $LGD $ENG $DNT,4
Sun Feb 25 10:59:15 +0000 2018,30 min #RSI Signals:  $BTC - $BITB: 37.83 $BTC - $SALT: 38.39 $BTC - $RDD: 39.04  $ENRG $ZCL $ETC $NMR $SC $ADX $ENG $LGD $QRL $CRB $BCY,0
Sun Feb 25 10:59:14 +0000 2018,15 min #RSI Signals:  $BTC - $RDD: 31.69 $BTC - $SALT: 36.3 $BTC - $ETC: 37.31  $BCPT $NLG $SHIFT $XVG $ADX $NMR $EMC $GBYTE $LTC $QTUM,0
Sun Feb 25 10:59:06 +0000 2018,60 min #RSI Signals:  $BTC - $BITB: 38.52  $ADX $OMG $WINGS $QRL $CFI $ANT $ETC $GEO $CRW $CLOAK $RISE $NMR $PDC $EBST $ABY $WAX $EMC $OK,0
Sun Feb 25 10:54:15 +0000 2018,5 min #RSI Signals:  $BTC - $RDD: 35.77 $BTC - $WINGS: 39.17  $XVG $SRN $XMG $SBD $OMG $IOP $SIB $EXCL $BCPT $ETC $ARDR $BITB $BCY $ZCL,0
Sun Feb 25 10:49:17 +0000 2018,5 min #RSI Signals:  $BTC - $RDD: 35.77 $USDT - $NXT: 37.76  $STORJ $NEO $BRX $PAY $BCPT $XEL $SALT $BYC $GUP $PART $DOGE $SRN $XMR $HMQ,0
Sun Feb 25 10:44:06 +0000 2018,15 min #RSI Signals:  $BTC - $RDD: 33.52  $DOGE $ETC $GOLOS $ENRG $LBC $XVG $ENG $LGD $COVAL #AltCoins $MAID $SYS $SALT $NMR $QRL $GEO,0
Sun Feb 25 10:44:05 +0000 2018,5 min #RSI Signals:  $BTC - $RDD: 35.77 $USDT - $NXT: 37.76  $SYS $NBT $TKS $VIA $ENG $XWC $XDN $QRL $SC $VTR $ION $SWIFT $DNT $VRM $BCY,0
Sun Feb 25 10:39:13 +0000 2018,5 min #RSI Signals:  $BTC - $RDD: 30.96 $USDT - $NXT: 37.76  $VTR $GUP $OMG $CRB $LTC $ARDR $HMQ $VIA $NAV $BCPT $VTC $VEE $BCC $EMC2 $OK,0
Sun Feb 25 10:34:07 +0000 2018,5 min #RSI Signals:  $BTC - $RDD: 35.96 $USDT - $NXT: 37.76 $USDT - $OMG: 39.36 $USDT - $DASH: 39.68  $PART $WAVES $LGD $GAM $RADS $CRB,0
Sun Feb 25 10:29:10 +0000 2018,15 min #RSI Signals:  $BTC - $RDD: 37.54  $NLG $HMQ $NEOS $BLITZ $RLC $NMR $ENRG $SC $THC $WAVES $ADX $MONA $NAV $DOGE $EFL $BYC $PDC $OK,0
Sun Feb 25 10:29:06 +0000 2018,5 min #RSI Signals:  $USDT - $NXT: 38.06 $BTC - $RDD: 38.87 $USDT - $BCC: 38.9 $USDT - $OMG: 39.36 $USDT - $DASH: 39.68  $WINGS $XRP $NMR,0
Sun Feb 25 10:24:07 +0000 2018,5 min #RSI Signals:  $USDT - $BTG: 25.29 $USDT - $BCC: 36.33 $BTC - $SALT: 37.24 $USDT - $NXT: 38.06 $BTC - $XVG: 38.1  $DOGE $DYN $BLOCK,0
Sun Feb 25 10:20:35 +0000 2018,I liked a @YouTube video https://t.co/94gM60VbLW Crypto Tax Loophole - USI-Tech problems - NEO now "A" rated - Pay Georgia taxes w/BTC,0
Sun Feb 25 10:19:08 +0000 2018,5 min #RSI Signals:  $USDT - $BTG: 25.29 $USDT - $OMG: 31.86 $USDT - $BCC: 36.12 $USDT - $NXT: 38.06 $BTC - $XVG: 38.1  $RISE $XRP $DCT,0
Sun Feb 25 10:14:16 +0000 2018,15 min #RSI Signals:  $BTC - $RDD: 37.54 $BTC - $SALT: 39.22 $USDT - $BTG: 39.73  $PART $LTC $DYN $ZRX $VTR $BRX $NEO $PDC $BCC $SC $CRB,0
Sun Feb 25 10:14:06 +0000 2018,5 min #RSI Signals:  $USDT - $BTG: 25.29 $USDT - $OMG: 31.86 $USDT - $BCC: 36.12 $USDT - $ADA: 36.83 $BTC - $RDD: 37.42  $MONA $PDC $VTC,0
Sun Feb 25 09:54:07 +0000 2018,5 min #RSI Signals:  $USDT - $BTG: 32.54 $USDT - $OMG: 33.37 $USDT - $BTC: 33.5 $USDT - $BCC: 33.74 $USDT - $ZEC: 34.18  $PDC $XMR $KMD,0
Sun Feb 25 09:49:06 +0000 2018,5 min #RSI Signals:  $USDT - $BTG: 32.54 $BTC - $RDD: 32.58 $USDT - $OMG: 33.37 $USDT - $ZEC: 34.18 $USDT - $BCC: 34.48  $GBYTE $COVAL,0
Sun Feb 25 09:44:07 +0000 2018,5 min #RSI Signals:  $USDT - $DASH: 30.92 $USDT - $BTC: 31.56 $USDT - $BTG: 32.54 $USDT - $BCC: 34.48 $USDT - $ADA: 35.97  $AUR $SRN $NMR,0
Sun Feb 25 09:44:07 +0000 2018,15 min #RSI Signals:  $USDT - $DASH: 38.81 $USDT - $BTC: 39.15  $ION $MUSIC $XEL $BCPT $GEO $XMR $FUN $SNRG $ARDR $LGD $NBT $ETC $NMR $TX,0
Sun Feb 25 09:39:06 +0000 2018,5 min #RSI Signals:  $BTC - $RDD: 26.12 $USDT - $BTC: 30.35 $USDT - $DASH: 30.92 $USDT - $NXT: 32.42 $USDT - $BTG: 32.54  $INFX $TKS $EMC,0
Sun Feb 25 09:34:06 +0000 2018,5 min #RSI Signals:  $USDT - $NXT: 32.42 $USDT - $BTG: 32.54 $BTC - $RDD: 36.18 $USDT - $BTC: 38.84 $USDT - $ETC: 39.71  $SWIFT $SPR $ADX,0
Sun Feb 25 09:29:13 +0000 2018,5 min #RSI Signals:  $USDT - $BTG: 32.54 $BTC - $RDD: 36.18 $USDT - $BTC: 38.84 $USDT - $ETC: 38.98 $BTC - $BITB: 39.14  $THC $LTC $ZCL,0
Sun Feb 25 09:29:05 +0000 2018,30 min #RSI Signals:  $BTC - $BITB: 36.83  $2GIVE $ANT $SNRG $RLC $QRL $OK $NAV $ETC $EDG $MANA $SIB $DNT $NXT $SC $UKG $VRM $HMQ $NEO,0
Sun Feb 25 09:26:51 +0000 2018,Have buy orders set for Air Swap starting at .000044 BTC. If you believe in DEX's  this is a steal.,0
Sun Feb 25 09:24:08 +0000 2018,5 min #RSI Signals:  $USDT - $XVG: 32.44 $USDT - $BTG: 32.54 $USDT - $BTC: 38.84 $BTC - $BITB: 39.14  $THC $LTC $SBD $NBT $CRB $EBST $BRX,0
Sun Feb 25 09:22:28 +0000 2018,Imke  üì∑ Gary Marlowe  @OlympusUK @BrightonTatConv #BTC @BrightonCentre #Brighton https://t.co/g6E4F2dosg,0
Sun Feb 25 09:19:05 +0000 2018,5 min #RSI Signals:  $USDT - $XVG: 32.21 $USDT - $BTG: 39.08 $BTC - $XVG: 39.23 $USDT - $BTC: 39.38  $GOLOS $ENG $RDD $TKS $SRN $BITB $SC,0
Sun Feb 25 09:17:39 +0000 2018,Christine Marie  üì∑ Gary Marlowe  @OlympusUK @BrightonTatConv #BTC @BrightonCentre #Brighton https://t.co/ZngZ2hZMJV,0
Sun Feb 25 09:14:07 +0000 2018,5 min #RSI Signals:  $USDT - $XVG: 32.21 $USDT - $XMR: 36.06 $USDT - $BTG: 39.08 $BTC - $XVG: 39.23 $USDT - $ETC: 39.62  $CRW $EBST $DCT,0
Sun Feb 25 09:11:19 +0000 2018,5 min #RSI Signals:  $USDT - $XVG: 32.21 $USDT - $XRP: 33.49 $USDT - $ETC: 34.99 $USDT - $XMR: 35.5 $USDT - $BTC: 38.24  $NXS $ION $GNT,1
Sun Feb 25 09:09:05 +0000 2018,5 min #RSI Signals:  $USDT - $XVG: 32.21 $USDT - $XRP: 33.49 $USDT - $ETC: 34.99 $USDT - $XMR: 35.5 $USDT - $BTC: 38.24  $NXS $ION $GNT,1
Sun Feb 25 09:07:58 +0000 2018,Sadie  üì∑ Gary Marlowe  @OlympusUK @BrightonTatConv #BTC @BrightonCentre #Brighton https://t.co/uxxqUpPF4E,0
Sun Feb 25 09:04:05 +0000 2018,5 min #RSI Signals:  $USDT - $DASH: 28.01 $USDT - $BTC: 32.68 $USDT - $NEO: 34.72 $USDT - $XRP: 35.07 $USDT - $XVG: 37.15  $ZCL $ETC $RCN,0
Sun Feb 25 08:59:11 +0000 2018,15 min #RSI Signals:  $GAME $LBC $NMR $XMR $VOX $OMNI $VIB $ETC $XVG $LTC $GEO $OMG $RADS $NBT $FLDC $GCR $XZC $SPR $LGD $BTC $MUE $BCC,0
Sun Feb 25 08:59:07 +0000 2018,30 min #RSI Signals:  $BTC - $BITB: 39.95  $GLD $STRAT $OMG $TIX $CRB $ENRG $GCR $XRP $NMR $SC $CLUB $MEME $QRL $ENG $PDC $NLG $FLO $XMY,0
Sun Feb 25 08:59:05 +0000 2018,5 min #RSI Signals:  $USDT - $DASH: 33.74 $USDT - $BTC: 36.48 $USDT - $XRP: 37.05 $USDT - $ETC: 37.31 $BTC - $WINGS: 38.27  $VOX $ENG $SC,0
Sun Feb 25 08:54:06 +0000 2018,5 min #RSI Signals:  $USDT - $BTC: 33.28 $USDT - $ETC: 38.31 $USDT - $XRP: 38.76 $BTC - $WINGS: 38.89 $USDT - $DASH: 39.05  $SALT $DOGE,0
Sun Feb 25 08:49:06 +0000 2018,5 min #RSI Signals:  $USDT - $BTC: 38.23 $USDT - $ZEC: 39.04  $GCR $XRP $SALT $ZCL $SIB $LTC $NXT $CRB $XEL $XMY $BCPT $TKS $ENG $NAV $OK,0
Sun Feb 25 08:44:23 +0000 2018,$BTC https://t.co/WuZzeU15qY,2
Sun Feb 25 08:44:12 +0000 2018,15 min #RSI Signals:  $BTC - $NBT: 35.55  $WAVES $PPC $BLITZ $DNT $EXCL $ZCL $MANA $LUN $TKS $RDD $STRAT $LTC $RCN $SALT $VTR $GNO $BYC,0
Sun Feb 25 08:44:07 +0000 2018,5 min #RSI Signals:  $USDT - $BTC: 38.24 $USDT - $ZEC: 39.04  $COVAL $SWIFT $CLOAK $NXT $BITB $NMR $HMQ $BCC $SALT $ENG $LTC $OMG $FUN,0
Sun Feb 25 08:39:07 +0000 2018,5 min #RSI Signals:  $BTC - $WINGS: 35.57  $VIA $CLOAK $MANA $EDG $WAVES $FCT $OMG $HMQ $PAY $ERC $VTR $BCC $ETC $SBD $FTC $XMR $GOLOS,0
Sun Feb 25 08:38:59 +0000 2018,5 min #RSI Signals:  $BTC - $MONA: 28.92 $BTC - $XCP: 38.77 $BTC - $GAME: 39.48  $NEO $AEON $XMY $XRP $NBT $GEO $XVG $CRB $TX $BLK $POWR,1
Sun Feb 25 08:34:05 +0000 2018,5 min #RSI Signals:  $BTC - $WINGS: 39.01  $WAVES $XVG $STORJ $QRL $ERC $ABY $SC $BCPT $VTR $LGD $ENG $PDC $SBD $GEO $TKS $RDD $BITB $NLG,0
Sun Feb 25 08:29:07 +0000 2018,15 min #RSI Signals:  $BTC - $ETC: 34.4  $BITB $NMR $XRP $TKS $SALT $LTC $EMC2 $AEON $RISE $1ST $ENG $XEL $PDC $FTC $SHIFT $SYNX $WINGS,0
Sun Feb 25 08:29:06 +0000 2018,30 min #RSI Signals:  $BTC - $ETC: 39.91 $BTC - $BITB: 39.95  $CLOAK $NAV $WINGS $NMR $ADX $DGB $LTC $VIA $GBYTE $NXT $AUR $SRN $COVAL,0
Sun Feb 25 08:29:06 +0000 2018,5 min #RSI Signals:  $USDT - $BTG: 28.18 $BTC - $WINGS: 38.96  $GCR $XVG $SRN $NLG $DASH $NXT $ETC $LTC $LUN $NAV $XWC $NEO $GOLOS $ENG,0
Sun Feb 25 08:24:14 +0000 2018,5 min #RSI Signals:  $USDT - $BTG: 28.18 $BTC - $WINGS: 30.48  $RDD $GEO $2GIVE $STORJ $ETC $ENG $GBYTE $INCNT $ERC $STRAT $ANT $VEE $BCY,0
Sun Feb 25 08:20:13 +0000 2018,5 min #RSI Signals:  $BTC - $WINGS: 35.46  $ADX $XRP $BITB $ETC $GOLOS $SYNX $VIA $VTC $BLITZ $MONA $GBYTE $HMQ $SNRG $IOP $VOX $RDD $OMG,1
Sun Feb 25 08:19:06 +0000 2018,5 min #RSI Signals:  $BTC - $WINGS: 35.46  $ADX $XRP $BITB $ETC $GOLOS $SYNX $VIA $VTC $BLITZ $MONA $GBYTE $HMQ $SNRG $IOP $VOX $RDD $OMG,1
Sun Feb 25 08:18:13 +0000 2018,@ggjiutfsd @chrislarsensf @justmoon I feel like btc at the moment will not be mainstream due to community mindset.‚Ä¶ https://t.co/fFp2eLBKFy,0
Sun Feb 25 08:14:06 +0000 2018,15 min #RSI Signals:  $BTC - $ETC: 37.21 $BTC - $NBT: 39.36  $INCNT $GBG $RDD $NMR $RISE $SPR $HMQ $CLOAK $VTR $WAX $WAVES $AUR $CRB $LTC,0
Sun Feb 25 08:14:05 +0000 2018,5 min #RSI Signals:  $BTC - $WINGS: 34.58  $GBYTE $CRW $DCR $RISE $XCP $ETC $RDD $XRP $KMD $VEE $XMR $ZCL $RLC $EXCL $GNO $EBST $GNT $GEO,0
Sun Feb 25 08:12:55 +0000 2018,5 min #RSI Signals:  $BTC - $WINGS: 37.13 $BTC - $NBT: 38.21  $ERC $XVG $AEON $FCT $ZCL $SALT $NXS $BCY $HMQ $GLD $LTC $RDD $EXCL $XRP,1
Sun Feb 25 08:09:07 +0000 2018,5 min #RSI Signals:  $BTC - $WINGS: 37.13 $BTC - $NBT: 38.21  $ERC $XVG $AEON $FCT $ZCL $SALT $NXS $BCY $HMQ $GLD $LTC $RDD $EXCL $XRP,1
Sun Feb 25 08:04:09 +0000 2018,5 min #RSI Signals:  $BTC - $XDN: 35.81 $USDT - $NEO: 36.83 $BTC - $WINGS: 39.67  $GEO $CRB $XVG $PART $EFL $EMC $BCY $QRL $EDG $ZCL $BCC,0
Sun Feb 25 07:59:07 +0000 2018,5 min #RSI Signals:  $BTC - $DOGE: 37.29 $USDT - $ETC: 38.01 $USDT - $BTC: 38.65 $BTC - $WINGS: 38.96  $GAM $XRP $GUP $AEON $VTC $LTC $SC,0
Sun Feb 25 07:59:05 +0000 2018,15 min #RSI Signals:  $BTC - $ETC: 33.25 $BTC - $NBT: 39.36  $MUSIC $PDC $FUN $CLOAK $VTR $SPR $ADX $SRN $TRST $SNRG $UBQ $STRAT $BCC $SC,0
Sun Feb 25 07:54:06 +0000 2018,5 min #RSI Signals:  $USDT - $ETC: 37.77 $USDT - $BTC: 39.5  $RADS $CLUB $XRP $FTC $MANA $DCT $GUP $AEON $STORJ $EMC $GAME $PART $XMR $SC,0
Sun Feb 25 07:49:06 +0000 2018,5 min #RSI Signals:  $BTC - $WINGS: 35.13 $BTC - $XDN: 36.91 $BTC - $SALT: 37.23  $MLN $NXS $BITB $ANT $RLC $SRN $GAM $XRP $DOGE $MANA,0
Sun Feb 25 07:44:06 +0000 2018,15 min #RSI Signals:  $BTC - $SALT: 34.89 $BTC - $ETC: 36.55 $BTC - $NBT: 38.94  $GBYTE $AEON $AUR $VRM $NMR $GUP $ENG $GOLOS $NAV $COVAL,0
Sun Feb 25 07:44:05 +0000 2018,5 min #RSI Signals:  $BTC - $SALT: 38.18  $SBD $QTUM $CFI $ETC $BURST $SYS $LTC $COVAL $XDN $FTC $EXCL $VEE $XWC $RCN $PDC $OMG $RDD $NAV,0
Sun Feb 25 07:39:06 +0000 2018,5 min #RSI Signals:  $BTC - $WINGS: 37.11 $BTC - $XDN: 38.64 $BTC - $SALT: 38.65 $BTC - $NBT: 39.06  $GOLOS $EMC $SWT $XLM $DGB $VRM $LTC,0
Sun Feb 25 07:34:06 +0000 2018,5 min #RSI Signals:  $BTC - $SALT: 32.02 $BTC - $WINGS: 34.39 $BTC - $NBT: 36.54  $GAME $IOP $START $ENG $OMG $ETC $QRL $ADA $NXS $COVAL,0
Sun Feb 25 07:29:08 +0000 2018,5 min #RSI Signals:  $BTC - $SALT: 37.26 $BTC - $WINGS: 39.84  $NBT $VEE $BLOCK $ETC $LBC $DNT $NMR $KMD $GCR $COVAL $AEON $EXCL $RDD $SC,0
Sun Feb 25 07:29:06 +0000 2018,30 min #RSI Signals:  $BTC - $SALT: 39.2  $BRK $LTC $NBT $SRN $XMR $AUR $ENG $CRB $INFX $IGNIS $SNRG $TRST $EMC $WINGS $XRP $ETC $CLUB,0
Sun Feb 25 07:29:06 +0000 2018,15 min #RSI Signals:  $BTC - $SALT: 36.25 $BTC - $ETC: 36.43 $BTC - $NBT: 38.94  $OMG $ZCL $MONA $LTC $CRB $BITB $GAME $BLK $VRM $INCNT,0
Sun Feb 25 07:24:06 +0000 2018,5 min #RSI Signals:  $BTC - $SALT: 37.28 $BTC - $WINGS: 39.91  $ABY $VTR $XWC $CLOAK $RBY $NLG $DTB $AEON $XVG $NXT $BURST $ENG $GEO $ETC,0
Sun Feb 25 07:20:55 +0000 2018,Day 4 of the Clinicon #TokenSale is LIVE! 50% bonus at https://t.co/MpCAtxRhPT   #cryptocurrency #health #wellness‚Ä¶ https://t.co/iUniMJGNMg,10
Sun Feb 25 07:20:15 +0000 2018,5 min #RSI Signals:  $BTC - $NBT: 32.43  $DCT $ADX $OMG $ETC $CRW $DYN $EMC $PART $THC $ARDR $SC $RISE $MANA $TKS $RDD $XVC $GEO $RADS,1
Sun Feb 25 07:19:06 +0000 2018,5 min #RSI Signals:  $BTC - $NBT: 32.43  $DCT $ADX $OMG $ETC $CRW $DYN $EMC $PART $THC $ARDR $SC $RISE $MANA $TKS $RDD $XVC $GEO $RADS,1
Sun Feb 25 07:14:59 +0000 2018,$BTC has entered the Romulan Kumo neutral zone on the 12-hour.  Shields up! https://t.co/RuUtOZzHrT,2
Sun Feb 25 07:14:09 +0000 2018,5 min #RSI Signals:  $BTC - $NBT: 32.43 $BTC - $SALT: 32.54 $BTC - $RDD: 35.39 $BTC - $XDN: 37.82  $XVG $VTR $ZCL $HMQ $ETC $BLITZ $EDG,0
Sun Feb 25 07:14:06 +0000 2018,15 min #RSI Signals:  $BTC - $NBT: 30.48 $BTC - $SALT: 35.01 $BTC - $ETC: 39.24  $HMQ $XVG $RDD $CLOAK $LBC $QRL $ZCL $VTR $PDC $OMG $BCY,0
Sun Feb 25 07:11:48 +0000 2018,$DRGN https://t.co/QS3fwijz08,5
Sun Feb 25 07:10:53 +0000 2018,What is $BTC most likely in?,1
Sun Feb 25 07:09:07 +0000 2018,5 min #RSI Signals:  $BTC - $SALT: 31.79 $BTC - $NBT: 34.66  $PTOY $XWC $PDC $ZCL $QTUM $SEQ $RLC $INFX $EDG $LUN $OMG $NXT $ETC $BRK $SC,0
Sun Feb 25 07:09:01 +0000 2018,Day 4 of the Clinicon #TokenSale is LIVE! 50% bonus at https://t.co/MpCAtxRhPT   #cryptocurrency #health #wellness‚Ä¶ https://t.co/iUniMJGNMg,10
Sun Feb 25 07:04:06 +0000 2018,5 min #RSI Signals:  $BTC - $SALT: 38.19  $ETC $XVG $AUR $ETH $BCC $MONA $SRN $SC $LTC $BRK $FCT $NEO $POWR $QRL $NMR $SPR $AEON $XRP $OK,0
Sun Feb 25 06:59:10 +0000 2018,30 min #RSI Signals:  $BTC - $NBT: 38.84  $XRP $LBC $XVG $BCPT $SRN $NMR $GBG $LUN $ETC $SWIFT $ENRG $QRL $PTC $BRX $VEE $AEON $BURST $SC,0
Sun Feb 25 06:59:10 +0000 2018,5 min #RSI Signals:  $BTC - $RDD: 35.76 $BTC - $SALT: 38.19  $ZCL $MUE $SPR $LUN $DASH $REP $NMR $XRP $SWIFT $DYN $PAY $HMQ $SRN $FLO $SC,0
Sun Feb 25 06:59:08 +0000 2018,15 min #RSI Signals:  $BTC - $NBT: 30.58 $BTC - $SALT: 38.89 $BTC - $ETC: 39.47  $RCN $MEME $GOLOS $GEO $XMY $BLITZ $ENG $DCT $XDN $CRW,0
Sun Feb 25 06:54:06 +0000 2018,5 min #RSI Signals:  $BTC - $RDD: 35.76  $REP $SRN $ETC $COVAL $AEON $SC $VTC $OMG $BLITZ $XVG $XMR $CRB $NXT $EBST $LTC $PART $SWIFT $OK,0
Sun Feb 25 06:44:06 +0000 2018,15 min #RSI Signals:  $BTC - $NBT: 30.85 $BTC - $ETC: 38.41 $BTC - $BITB: 38.88  $BYC $MONA $SC $XMR $DCT $WAVES $NAV $LTC $GEO $BLOCK,0
Sun Feb 25 06:42:47 +0000 2018,Day 4 of the Clinicon #TokenSale is LIVE! 50% bonus at https://t.co/MpCAtxRhPT   #cryptocurrency #health #wellness‚Ä¶ https://t.co/iUniMJGNMg,10
Sun Feb 25 06:39:07 +0000 2018,5 min #RSI Signals:  $BTC - $BITB: 38.01 $BTC - $SALT: 39.76  $EMC $CLOAK $NMR $PTOY $NXT $GNO $XMY $ETC $HMQ $OMNI $EFL $BLITZ $MANA $SC,0
Sun Feb 25 06:34:07 +0000 2018,5 min #RSI Signals:  $BTC - $SALT: 39.18 $BTC - $ETC: 39.42  $LBC $BITB $ZCL $GAM $OMNI $DGB $NMR $GOLOS $CRB $ADX $VTC $GUP $SPR $RLC,0
Sun Feb 25 06:30:57 +0000 2018,Looking for more awesome people in crypto to follow.   Follow me and I‚Äôll follow you back!  $btc $ltc $$eth $trx‚Ä¶ https://t.co/AkNOLrRBz2,10
Sun Feb 25 06:29:06 +0000 2018,30 min #RSI Signals:  $BTC - $BITB: 36.87 $BTC - $LSK: 39.99  $EMC2 $SIB $NMR $NBT $DNT $IOP $ERC $ADX $VIA $LTC $RLC $XMR $RISE $VRM $OK,0
Sun Feb 25 06:29:06 +0000 2018,5 min #RSI Signals:  $BTC - $SALT: 36.89  $DNT $CRB $ENRG $NEO $ERC $BRX $UKG $EMC2 $WINGS $ANT $NMR $ETC $LTC $VIA $LUN $FCT $CRW $BITB,0
Sun Feb 25 06:29:06 +0000 2018,15 min #RSI Signals:  $BTC - $NBT: 33.12 $BTC - $ETC: 36.62 $BTC - $SALT: 37.2  $WINGS $LUN $XLM $CRB $2GIVE $EMC $GAM $ADX $BITB $VRM,0
Sun Feb 25 06:24:17 +0000 2018,5 min #RSI Signals:  $BTC - $NBT: 27.37 $BTC - $SALT: 38.6  $XMR $ARDR $ETC $XWC $GEO $OMG $WAVES $BCC $MUE $AEON $NMR $RISE $SHIFT $ANT,0
Sun Feb 25 06:21:04 +0000 2018,#Telegram needs an auto-translate feature so that ten different languages could be used in one chat and you would a‚Ä¶ https://t.co/CrQO9SAcNU,27
Sun Feb 25 06:20:13 +0000 2018,5 min #RSI Signals:  $BTC - $NBT: 31.56 $BTC - $ETC: 38.89 $BTC - $LSK: 39.31  $MONA $CRB $THC $DGB $OMNI $MANA $ION $NXT $XRP $NXS $AEON,1
Sun Feb 25 06:19:18 +0000 2018,#Telegram needs an auto-translate feature so that ten different languages could be used in one chat and you would a‚Ä¶ https://t.co/CrQO9SAcNU,27
Sun Feb 25 06:19:06 +0000 2018,5 min #RSI Signals:  $BTC - $NBT: 31.56 $BTC - $ETC: 38.89 $BTC - $LSK: 39.31  $MONA $CRB $THC $DGB $OMNI $MANA $ION $NXT $XRP $NXS $AEON,1
Sun Feb 25 06:18:01 +0000 2018,#Telegram needs an auto-translate feature so that ten different languages could be used in one chat and you would a‚Ä¶ https://t.co/CrQO9SAcNU,27
Sun Feb 25 06:14:07 +0000 2018,5 min #RSI Signals:  $USDT - $BTG: 35.26 $BTC - $BITB: 35.33  $ETC $LTC $PTC $BLK $NLG $ZCL $SALT $EFL $NAV $SWT $UKG $VRM $RISE $AUR $SC,0
Sun Feb 25 06:14:06 +0000 2018,15 min #RSI Signals:  $BTC - $BITB: 35.66 $BTC - $ETC: 39.9  $TIX $NMR $QRL $INCNT $XMR $BCPT $RISE $FTC $KORE $ADX $WAVES $NXT $CRB $XZC,0
Sun Feb 25 06:11:27 +0000 2018,5 min #RSI Signals:  $USDT - $BTG: 35.26 $BTC - $BITB: 37.06 $BTC - $ETC: 39.03  $XMR $ADX $NBT $PTC $LTC $CRW $POT $STORJ $PART $RADS,1
Sun Feb 25 06:09:08 +0000 2018,5 min #RSI Signals:  $USDT - $BTG: 35.26 $BTC - $BITB: 37.06 $BTC - $ETC: 39.03  $XMR $ADX $NBT $PTC $LTC $CRW $POT $STORJ $PART $RADS,1
Sun Feb 25 06:07:05 +0000 2018,Which cash coin will see the biggest gain in the next year? $bch $ltc $dash $xmr #bitcoincash #litecoin #monero $btc #crypto,3
Sun Feb 25 06:04:36 +0000 2018,Hair by @olie1thom #btconeshot_longhair18 @behindthechair_ btc_one_shot https://t.co/P4iFksjW4O,0
Sun Feb 25 06:04:07 +0000 2018,5 min #RSI Signals:  $USDT - $BTG: 35.26 $BTC - $ETC: 39.06 $BTC - $LTC: 39.47  $SEQ $VIB $DGB $DCT $THC $NXT $BRX $EMC $NLG $NMR $SPR,0
Sun Feb 25 06:00:11 +0000 2018,Which cash coin will see the biggest gain in the next year? $bch $ltc $dash $xmr #bitcoincash #litecoin #monero $btc #crypto,3
Sun Feb 25 05:59:07 +0000 2018,5 min #RSI Signals:  $BTC - $ETC: 39.04  $NAV $OMG $NMR $DMD $NXT $LTC $ERC $BTG $TKS $CLOAK $LUN $ENG $DOGE $QRL $XVG $BLITZ $REP $SIB,0
Sun Feb 25 05:59:06 +0000 2018,60 min #RSI Signals:  $BTC - $XEM: 37.2 $BTC - $BITB: 39.79  $VTR $ENG $QRL $NMR $OMG $ETC $IOP $BRK $DOGE $MUSIC $GOLOS $VIA $SPR $AEON,0
Sun Feb 25 05:59:06 +0000 2018,30 min #RSI Signals:  $BTC - $XEM: 35.73 $BTC - $BITB: 36.87  $PPC $TRST $XZC $VIA $TIX $PTC $AUR $COVAL $SRN $MCO $ADX $WINGS $RDD $XVG,0
Sun Feb 25 05:59:06 +0000 2018,15 min #RSI Signals:  $BTC - $ETC: 36.37 $BTC - $XEM: 39.54 $BTC - $BITB: 39.65  $ANT $SALT $BCPT $ZCL $XWC $SLS $SRN $NXT $MANA $CRW $SC,0
Sun Feb 25 05:59:01 +0000 2018,15 min #RSI Signals:  $BTC - $BITB: 35.23 $BTC - $ETC: 38.89  $OMG $CRW $GEO $COVAL $RLC $VEE $VTR $XRP $IOP $AEON $ENG $SIB $2GIVE $CRB,1
Sun Feb 25 05:54:09 +0000 2018,5 min #RSI Signals:  $BTC - $ETC: 36.3 $USDT - $ETC: 38.08 $BTC - $LSK: 38.84  $NAV $GEO $ADX $ERC $CURE $KMD $RDD $XEL $XMR $DOGE $DNT,0
Sun Feb 25 05:53:30 +0000 2018,Which cash coin will see the biggest gain in the next year? $bch $ltc $dash $xmr #bitcoincash #litecoin #monero $btc #crypto,3
Sun Feb 25 05:49:16 +0000 2018,5 min #RSI Signals:  $USDT - $ETC: 27.59 $BTC - $ETC: 36.26  $GBYTE $OMG $RISE $ENG $CRB $KMD $VTC $LTC $XVC $EBST $NEO $RDD $ION $RADS,0
Sun Feb 25 05:48:23 +0000 2018,Which cash coin will see the biggest gain in the next year? $bch $ltc $dash $xmr #bitcoincash #litecoin #monero $btc #crypto,3
Sun Feb 25 05:47:09 +0000 2018,#JPMorgan flipsü§∏ Now backs #Cryptoüëá  ‚Äú#Cryptocurrency could be useful where current payment systems are slowÔºças acr‚Ä¶ https://t.co/AQgjEqSoe8,1
Sun Feb 25 05:44:06 +0000 2018,15 min #RSI Signals:  $BTC - $ETC: 38.11  $RDD $XMR $CRW $VRM $VTR $BYC $XVG $ENRG $DASH $SHIFT $GNO $ADA $PDC $SPR $INFX $FLDC $XDN $NEO,0
Sun Feb 25 05:36:01 +0000 2018,#JPMorgan flipsü§∏ Now backs #Cryptoüëá  ‚Äú#Cryptocurrency could be useful where current payment systems are slowÔºças acr‚Ä¶ https://t.co/AQgjEqSoe8,1
Sun Feb 25 05:34:06 +0000 2018,5 min #RSI Signals:  $BTC - $BITB: 34.36 $BTC - $XEM: 38.55 $BTC - $SC: 39.07  $STRAT $XZC $LTC $ZCL $IOC $OMG $SWT $MLN $XEL $ETC $GNT,0
Sun Feb 25 05:29:08 +0000 2018,5 min #RSI Signals:  $BTC - $BITB: 30.85 $BTC - $ETC: 39.77  $DNT $START $ANT $BCC $NMR $PART $CRB $CLOAK $ABY $NBT $LTC $THC $NXT $WAVES,0
Sun Feb 25 05:29:06 +0000 2018,30 min #RSI Signals:  $BTC - $BITB: 33.75 $BTC - $XEM: 39.08  $SC $VRM $NLG $ZCL $VTR $AEON $BCY $XDN $ADX $ETC $TIX $CLOAK $DCT $RISE,0
Sun Feb 25 05:29:06 +0000 2018,15 min #RSI Signals:  $BTC - $BITB: 35.23 $BTC - $ETC: 38.89  $OMG $CRW $GEO $COVAL $RLC $VEE $VTR $XRP $IOP $AEON $ENG $SIB $2GIVE $CRB,1
Sun Feb 25 05:24:07 +0000 2018,5 min #RSI Signals:  $BTC - $BITB: 36.24  $THC $DCT $GNT $XCP $ETC $EBST $NMR $PART $VIB $NEO $IGNIS $XVG $NBT $NXS $ENRG $BTG $LTC $AEON,0
Sun Feb 25 05:20:09 +0000 2018,5 min #RSI Signals:  $BTC - $BITB: 38.31 $BTC - $ETC: 39.58  $GBYTE $XMY $COVAL $THC $LTC $ENG $FUN $LUN $NBT $AEON $SNRG $SLR $OMG $RISE,1
Sun Feb 25 05:19:07 +0000 2018,5 min #RSI Signals:  $BTC - $BITB: 38.31 $BTC - $ETC: 39.58  $GBYTE $XMY $COVAL $THC $LTC $ENG $FUN $LUN $NBT $AEON $SNRG $SLR $OMG $RISE,1
Sun Feb 25 05:16:01 +0000 2018,#JPMorgan flipsü§∏ Now backs #Cryptoüëá  ‚Äú#Cryptocurrency could be useful where current payment systems are slowÔºças acr‚Ä¶ https://t.co/G64994huhw,0
Sun Feb 25 05:14:19 +0000 2018,5 min #RSI Signals:  $BTC - $BITB: 38.31  $LTC $NLG $OMG $FTC $ZCL $WAVES $DASH $ETC $TKS $SRN $BLITZ $PART $NBT $MLN $LGD $XRP $VTC $ADA,0
Sun Feb 25 05:14:06 +0000 2018,15 min #RSI Signals:  $BTC - $BITB: 38.25  $OMNI $AUR $SALT $ERC $NEO $OMG $ETC $QTUM $NMR $HMQ $VTR $PDC $ENG $ZCL $EMC $BLITZ $EFL $CRB,0
Sun Feb 25 04:59:19 +0000 2018,60 min #RSI Signals:  $BTC - $XEM: 38.31 $BTC - $DOGE: 39.16  $RDD $ERC $SYNX $EMC $INCNT $ETC $MUSIC $VEE $IOC $ADX $PPC $ENG $PDC $NAV,0
Sun Feb 25 04:59:09 +0000 2018,30 min #RSI Signals:  $BTC - $XEM: 36.46 $BTC - $BITB: 39.15  $ETC $SC $2GIVE $VIB $AUR $AEON $VIA $SIB $COVAL $DNT $CLOAK $GOLOS $WINGS,0
Sun Feb 25 04:55:54 +0000 2018,$BTC https://t.co/WuZzeU15qY,2
Sun Feb 25 04:44:12 +0000 2018,15 min #RSI Signals:  $BTC - $XEM: 32.97 $BTC - $BITB: 39.95  $ZCL $ANT $GUP $NXT $ETC $OMG $RDD $PDC $DNT $GOLOS $TX $LTC $SLR $DOGE $SC,0
Sun Feb 25 04:44:08 +0000 2018,5 min #RSI Signals:  $BTC - $XRP: 36.77 $BTC - $XEM: 39.0  $ZCL $DOGE $ABY $NBT $TKS $XVG $DTB $ARDR $NMR $ENRG $PART $ETC $OMNI $LTC $SC,0
Sun Feb 25 04:39:16 +0000 2018,5 min #RSI Signals:  $BTC - $XRP: 36.77  $ARDR $SC $MONA $VEE $COVAL $ETC $EMC $LTC $WAVES $XMR $BRX $RDD $DNT $QRL $XDN $CVC $EXCL $REP,0
Sun Feb 25 04:34:08 +0000 2018,5 min #RSI Signals:  $BTC - $XRP: 36.36  $BITB $COVAL $WAVES $PART $BRX $DNT $DTB $ION $XWC $ADX $SC $NMR $CLOAK $FCT $1ST $BLITZ $LTC,0
Sun Feb 25 04:30:14 +0000 2018,30 min #RSI Signals:  $BTC - $LSK: 36.1 $BTC - $XEM: 36.46  $BURST $GCR $PTC $RDD $XRP $OMG $NMR $LUN $XVG $PDC $XDN $DMD $ETC $ANT $XMR,1
Sun Feb 25 04:29:14 +0000 2018,15 min #RSI Signals:  $BTC - $LSK: 37.98 $BTC - $XEM: 38.16  $NBT $ETC $VEE $ANT $DCT $MLN $LTC $LUN $STORJ $OMG $GEO $NXS $EMC $SRN $CRB,0
Sun Feb 25 04:29:08 +0000 2018,30 min #RSI Signals:  $BTC - $LSK: 36.1 $BTC - $XEM: 36.46  $BURST $GCR $PTC $RDD $XRP $OMG $NMR $LUN $XVG $PDC $XDN $DMD $ETC $ANT $XMR,1
Sun Feb 25 04:29:07 +0000 2018,5 min #RSI Signals:  $BTC - $LSK: 38.35 $BTC - $ADA: 39.59  $VTC $BITB $ETC $VIA $MANA $XMY $NMR $XMR $OMG $LTC $SRN $SALT $BURST $ETH,0
Sun Feb 25 04:24:12 +0000 2018,5 min #RSI Signals:  $BTC - $ADA: 39.59  $ETC $CRW $WAVES $OMNI $ADX $AEON $XDN $SBD $XRP $SC $PDC $LUN $GOLOS $TKS $KMD $XMR $STRAT $XVG,0
Sun Feb 25 04:20:19 +0000 2018,5 min #RSI Signals:  $BTC - $XRP: 33.42 $BTC - $ADA: 39.59  $QRL $RISE $ION $NLG $THC $XVG $BRX $XWC $XDN $BCY $GUP $XMR $GEO $QTUM $GAM,1
Sun Feb 25 04:19:09 +0000 2018,5 min #RSI Signals:  $BTC - $XRP: 33.42 $BTC - $ADA: 39.59  $QRL $RISE $ION $NLG $THC $XVG $BRX $XWC $XDN $BCY $GUP $XMR $GEO $QTUM $GAM,1
Sun Feb 25 04:16:35 +0000 2018,#Telegram needs an auto-translate feature so that ten different languages could be used in one chat and you would a‚Ä¶ https://t.co/CrQO9SAcNU,27
Sun Feb 25 04:14:11 +0000 2018,15 min #RSI Signals:  $BTC - $XEM: 33.91  $LGD $BCPT $BLOCK $NMR $BYC $LTC $KORE $NAV $IGNIS $DOPE $VTC $ETC $OMG $FLDC $XVG $HMQ $GOLOS,0
Sun Feb 25 04:14:10 +0000 2018,5 min #RSI Signals:  $BTC - $XRP: 33.42 $BTC - $ADA: 39.59  $VIB $GNT $LTC $BSD $PART $XVG $GNO $EMC $BCC $PPC $SLS $ETC $STORJ $GLD $CRB,0
Sun Feb 25 04:13:29 +0000 2018,5 min #RSI Signals:  $BTC - $ZCL: 37.36  $QRL $VRM $ETC $EXCL $MLN $GLD $SWT $PDC $HMQ $EMC $BLOCK $XWC $RDD $COVAL $OMG $XDN $SRN $RCN,1
Sun Feb 25 04:09:08 +0000 2018,5 min #RSI Signals:  $BTC - $XRP: 37.23 $BTC - $ADA: 39.59  $SLR $ETC $VEE $NLG $NXS $BLK $BITB $SIB $ERC $XWC $SRN $LTC $IGNIS $BCY $FUN,0
Sun Feb 25 04:04:36 +0000 2018,#JPMorgan flipsü§∏ Now backs #Cryptoüëá  ‚Äú#Cryptocurrency could be useful where current payment systems are slowÔºças acr‚Ä¶ https://t.co/PT311n65OI,3
Sun Feb 25 04:04:06 +0000 2018,5 min #RSI Signals:  $BTC - $ZCL: 37.36  $QRL $VRM $ETC $EXCL $MLN $GLD $SWT $PDC $HMQ $EMC $BLOCK $XWC $RDD $COVAL $OMG $XDN $SRN $RCN,1
Sun Feb 25 04:03:38 +0000 2018,I liked a @YouTube video https://t.co/zE2UaHzI9s Bitcoin ($BTC) and Altcoins Cryptocurrency Technical Analysis - Crypto'N'Chill (Ep.,0
Sun Feb 25 03:59:10 +0000 2018,60 min #RSI Signals:  $USDT - $XVG: 38.66 $BTC - $XEM: 39.29  $ETC $EMC2 $IOC $RLC $DMD $GOLOS $CLUB $ENRG $NBT $RDD $EDG $CRB $ZCL $BCY,0
Sun Feb 25 03:59:08 +0000 2018,15 min #RSI Signals:  $BTC - $XEM: 38.36 $BTC - $BITB: 38.81  $LTC $PDC $BAY $ABY $OMG $NXT $GNO $XWC $ETC $SRN $XMR $VTC $NMR $COVAL $SC,0
Sun Feb 25 03:59:08 +0000 2018,30 min #RSI Signals:  $BTC - $BITB: 37.18 $BTC - $XEM: 37.86  $PPC $BCY $RISE $LUN $GNO $BSD $NXS $GLD $LTC $DTB $TKS $BCPT $NMR $ERC $SC,0
Sun Feb 25 03:54:08 +0000 2018,5 min #RSI Signals:  $USDT - $DASH: 32.72 $BTC - $XEM: 37.09 $USDT - $NEO: 38.65 $USDT - $XVG: 38.8  $NXT $TRST $ION $SALT $ETC $CLOAK,0
Sun Feb 25 03:52:36 +0000 2018,15 min #RSI Signals:  $BTC - $BITB: 35.26 $USDT - $ZEC: 39.49  $LTC $OMG $XVG $NLG $NEO $MEME $DNT $INCNT $COVAL $STRAT $PDC $POT $XDN,1
Sun Feb 25 03:50:21 +0000 2018,15 min #RSI Signals:  $TKS $EMC $THC $GNT $BURST $ADX $BRK $XVG $ENRG $BTC $RCN $NMR $COVAL $DGB $STRAT $WAVES $OMG $CFI $SPR $ETC $LTC,1
Sun Feb 25 03:44:08 +0000 2018,15 min #RSI Signals:  $TKS $EMC $THC $GNT $BURST $ADX $BRK $XVG $ENRG $BTC $RCN $NMR $COVAL $DGB $STRAT $WAVES $OMG $CFI $SPR $ETC $LTC,1
Sun Feb 25 03:44:07 +0000 2018,5 min #RSI Signals:  $BTC - $XLM: 36.05 $USDT - $OMG: 39.22 $BTC - $SALT: 39.92  $BCC $RISE $KMD $XWC $AEON $GEO $XVG $VIA $BITB $WINGS,0
Sun Feb 25 03:43:51 +0000 2018,Day 4 of the Clinicon #TokenSale is LIVE! 50% bonus at https://t.co/MpCAtxRhPT   #cryptocurrency #health #wellness‚Ä¶ https://t.co/iUniMJGNMg,10
Sun Feb 25 03:40:06 +0000 2018,Day 4 of the Clinicon #TokenSale is LIVE! 50% bonus at https://t.co/MpCAtxRhPT   #cryptocurrency #health #wellness‚Ä¶ https://t.co/iUniMJGNMg,10
Sun Feb 25 03:39:17 +0000 2018,5 min #RSI Signals:  $USDT - $DASH: 34.53 $BTC - $XLM: 35.47 $USDT - $BCC: 36.12 $USDT - $ZEC: 36.61 $BTC - $LSK: 37.68  $LGD $SNRG $ETC,0
Sun Feb 25 03:29:09 +0000 2018,15 min #RSI Signals:  $BTC - $BITB: 35.26 $USDT - $ZEC: 39.49  $LTC $OMG $XVG $NLG $NEO $MEME $DNT $INCNT $COVAL $STRAT $PDC $POT $XDN,1
Sun Feb 25 03:29:08 +0000 2018,30 min #RSI Signals:  $BTC - $BITB: 37.18 $BTC - $XEM: 39.1  $RISE $OMNI $NXS $SC $ADX $NBT $GOLOS $LUN $GEO $ANT $ETC $QRL $BLOCK $XMR,0
Sun Feb 25 03:25:37 +0000 2018,@VinnyLingham The biggest concern people should have are all the shitcoins and scams adding downward sell pressure‚Ä¶ https://t.co/TplkYoSJpB,17
Sun Feb 25 03:24:08 +0000 2018,5 min #RSI Signals:  $USDT - $NEO: 32.33 $USDT - $LTC: 32.51 $USDT - $BCC: 33.45 $USDT - $DASH: 34.53 $BTC - $RDD: 34.75  $FCT $EMC2 $EFL,0
Sun Feb 25 03:20:26 +0000 2018,5 min #RSI Signals:  $USDT - $LTC: 33.19 $USDT - $DASH: 34.53 $USDT - $ZEC: 34.57 $BTC - $BITB: 34.64 $USDT - $BCC: 36.18  $ENG $ANT $ETC,1
Sun Feb 25 03:19:07 +0000 2018,5 min #RSI Signals:  $USDT - $LTC: 33.19 $USDT - $DASH: 34.53 $USDT - $ZEC: 34.57 $BTC - $BITB: 34.64 $USDT - $BCC: 36.18  $ENG $ANT $ETC,1
Sun Feb 25 03:14:07 +0000 2018,15 min #RSI Signals:  $BTC - $BITB: 39.77  $EMC $SHIFT $ETC $HMQ $NMR $XMR $LTC $FCT $RLC $UBQ $VOX $XRP $TRUST $GNT $NXT $RISE $LUN $GEO,0
Sun Feb 25 03:09:12 +0000 2018,5 min #RSI Signals:  $USDT - $ETC: 34.24 $USDT - $XVG: 34.99 $BTC - $DOGE: 35.85 $BTC - $ETC: 36.45 $BTC - $LTC: 36.5  $CLOAK $DASH $SC,0
Sun Feb 25 03:04:08 +0000 2018,5 min #RSI Signals:  $USDT - $ZEC: 28.04 $BTC - $ETC: 34.18 $USDT - $ETC: 34.24 $USDT - $XVG: 34.99 $USDT - $LTC: 35.25  $NMR $BITB $NXT,0
Sun Feb 25 02:59:19 +0000 2018,5 min #RSI Signals:  $BTC - $ETC: 29.37 $USDT - $ETC: 34.99 $USDT - $LTC: 36.48 $BTC - $SALT: 36.68 $BTC - $LTC: 36.81  $CRW $DGB $REP,0
Sun Feb 25 02:59:09 +0000 2018,15 min #RSI Signals:  $BTC - $ETC: 35.02 $BTC - $BITB: 35.97 $BTC - $SALT: 39.39  $OMG $DNT $COVAL $EMC $NMR $RADS $SC $RCN $NXT $IOC $OK,0
Sun Feb 25 02:59:06 +0000 2018,60 min #RSI Signals:  $BTC - $NXS: 39.27  $ANT $BLITZ $NMR $TIX $GOLOS $ZCL $NLG $GBYTE $ENRG $ENG $IOP $REP $CRW $EMC $XMG $GEO $XWC $TX,0
Sun Feb 25 02:59:06 +0000 2018,30 min #RSI Signals:  $BTC - $NXS: 38.26 $BTC - $BITB: 38.84  $SWT $EDG $ENG $DNT $ADA $LTC $BURST $XDN $PTC $ETC $IOC $SNRG $LUN $LBC,0
Sun Feb 25 02:54:13 +0000 2018,5 min #RSI Signals:  $BTC - $BITB: 29.14 $BTC - $ETC: 31.52 $USDT - $BTC: 36.42 $USDT - $BTG: 37.53 $USDT - $LTC: 38.12  $OMG $SIB $COVAL,0
Sun Feb 25 02:51:08 +0000 2018,Day 4 of the Clinicon #TokenSale is LIVE! 50% bonus at https://t.co/MpCAtxRhPT   #cryptocurrency #health #wellness‚Ä¶ https://t.co/iUniMJGNMg,10
Sun Feb 25 02:49:07 +0000 2018,5 min #RSI Signals:  $BTC - $ETC: 30.1 $BTC - $LTC: 33.32 $BTC - $NBT: 34.44 $USDT - $BTG: 37.53 $USDT - $ETC: 38.41  $SALT $SHIFT $GCR,0
Sun Feb 25 02:44:08 +0000 2018,15 min #RSI Signals:  $BTC - $NXS: 34.35 $BTC - $ETC: 39.07  $NXT $NMR $ADX $BCY $BURST $GLD $XEL $NEO $RDD $GOLOS $GCR $XWC $ION $SHIFT,0
Sun Feb 25 02:44:08 +0000 2018,5 min #RSI Signals:  $BTC - $NBT: 33.36 $BTC - $ETC: 34.37 $USDT - $BTG: 37.53  $RCN $EXP $ADX $BLITZ $VTC $BCPT $LTC $GLD $GCR $ANT $SRN,0
Sun Feb 25 02:39:08 +0000 2018,5 min #RSI Signals:  $BTC - $ETC: 38.66 $BTC - $NBT: 38.71  $GNO $AEON $VIB $ADT $RCN $SNRG $SPHR $OMG $MLN $RISE $VTR $WAVES $BCY $VEE,0
Sun Feb 25 02:38:48 +0000 2018,SMARTRealty is now accepting accepting BTC  ETH  BCH  LTC  ETC  ADA  and ZEC for the RLTY token sale. Only a few mo‚Ä¶ https://t.co/DBiKWgscsS,212
Sun Feb 25 02:34:15 +0000 2018,5 min #RSI Signals:  $BTC - $ETC: 35.68 $BTC - $NXS: 37.54 $BTC - $NBT: 38.37  $ADX $LBC $PDC $GEO $PART $LUN $SRN $ZCL $SWIFT $THC $DNT,0
Sun Feb 25 02:33:09 +0000 2018,#Amazon has a market cap of $702 billion  #Microsoft is at $699 billion  #Bitcoin $BTC has a market cap of $159 Bil‚Ä¶ https://t.co/XXmeLFnr3m,70
Sun Feb 25 02:29:40 +0000 2018,Looking for more awesome people in crypto to follow.   Follow me and I‚Äôll follow you back!  $btc $ltc $$eth $trx‚Ä¶ https://t.co/AkNOLrRBz2,10
Sun Feb 25 02:29:07 +0000 2018,5 min #RSI Signals:  $BTC - $NBT: 25.29 $BTC - $ETC: 37.37  $VOX $DCT $ADX $PDC $LUN $AEON $GEO $CURE $ANT $HMQ $XRP $NXT $XMR $QTUM $LBC,0
Sun Feb 25 02:29:07 +0000 2018,15 min #RSI Signals:  $BTC - $NXS: 31.32 $BTC - $NBT: 34.59  $OK $SNRG $ETC $XRP $ADX $SRN $EMC $DNT $CRB $DYN $OMG $VRM $NMR $GUP $ENG,0
Sun Feb 25 02:29:07 +0000 2018,30 min #RSI Signals:  $BTC - $NXS: 32.17  $EFL $NBT $SRN $BITB $OMNI $CRW $VTR $SHIFT $WAVES $EBST $DGB $OMG $ETC $EXP $XDN $EXCL $XVC,0
Sun Feb 25 02:28:25 +0000 2018,Bitcoin security and private banking  Private safe deposit box providers are popping up without connections to bank‚Ä¶ https://t.co/6Q7qxVB80X,15
Sun Feb 25 02:28:11 +0000 2018,#Amazon has a market cap of $702 billion  #Microsoft is at $699 billion  #Bitcoin $BTC has a market cap of $159 Bil‚Ä¶ https://t.co/XXmeLFnr3m,70
Sun Feb 25 02:27:43 +0000 2018,@joshuattd @ColeHuffman_ @TheRickGrimeZz @thegreatmutato @CastoroGamer @Game_Dev_Carto 2.5 btc mongo,0
Sun Feb 25 02:25:57 +0000 2018,@TheAtheistPig No wonder he can understand Bitcoin.,1
Sun Feb 25 02:25:52 +0000 2018,@ColeHuffman_ @TheRickGrimeZz @thegreatmutato @CastoroGamer @Game_Dev_Carto 2.5 btc? I'll pass ‚ù§Ô∏è,0
Sun Feb 25 02:25:44 +0000 2018,5 min #RSI Signals:  $BTC - $NBT: 34.22 $USDT - $OMG: 38.01 $BTC - $ETC: 39.09  $BYC $BLOCK $GAME $SWT $FLDC $NAV $FTC $BITB $BRX $CLUB,1
Sun Feb 25 02:24:09 +0000 2018,5 min #RSI Signals:  $BTC - $NBT: 34.22 $USDT - $OMG: 38.01 $BTC - $ETC: 39.09  $BYC $BLOCK $GAME $SWT $FLDC $NAV $FTC $BITB $BRX $CLUB,1
Sun Feb 25 02:21:42 +0000 2018,Looking for more awesome people in crypto to follow.   Follow me and I‚Äôll follow you back!  $btc $ltc $$eth $trx‚Ä¶ https://t.co/AkNOLrRBz2,10
Sun Feb 25 02:19:07 +0000 2018,5 min #RSI Signals:  $BTC - $NXS: 31.95 $BTC - $NBT: 34.22 $USDT - $OMG: 38.01  $GLD $ANT $ADX $RLC $PPC $RDD $XWC $NEO $SRN $CVC $XMR,0
Sun Feb 25 02:15:06 +0000 2018,Looking for more awesome people in crypto to follow.   Follow me and I‚Äôll follow you back!  $btc $ltc $$eth $trx‚Ä¶ https://t.co/AkNOLrRBz2,10
Sun Feb 25 02:14:11 +0000 2018,5 min #RSI Signals:  $BTC - $NBT: 33.77 $BTC - $NXS: 39.33  $OMG $LUN $DNT $ABY $NXT $BTG $SNRG $SRN $DTB $GUP $ETC $XRP $XEL $ADX $DGB,0
Sun Feb 25 02:14:09 +0000 2018,15 min #RSI Signals:  $BTC - $NXS: 32.64 $BTC - $NBT: 39.21  $AUR $ION $LTC $RISE $ADX $MCO $QRL $FUN $DCT $BLITZ $IGNIS $EMC $SBD $EXP,0
Sun Feb 25 02:12:53 +0000 2018,Looking for more awesome people in crypto to follow.   Follow me and I‚Äôll follow you back!  $btc $ltc $$eth $trx‚Ä¶ https://t.co/AkNOLrRBz2,10
Sun Feb 25 02:11:28 +0000 2018,5 min #RSI Signals:  $BTC - $NBT: 33.77  $BCC $CLOAK $SWIFT $COVAL $1ST $GLD $GEO $EMC $MANA $GOLOS $EBST $RCN $VEE $ETC $SRN $KMD $SALT,1
Sun Feb 25 02:09:29 +0000 2018,5 min #RSI Signals:  $BTC - $NBT: 33.77  $BCC $CLOAK $SWIFT $COVAL $1ST $GLD $GEO $EMC $MANA $GOLOS $EBST $RCN $VEE $ETC $SRN $KMD $SALT,1
Sun Feb 25 02:06:29 +0000 2018,5 min #RSI Signals:  $BTC - $NBT: 25.45 $BTC - $ETC: 37.13  $NXT $OMG $VTR $NMR $LUN $PDC $SHIFT $GEO $BRX $ADX $XDN $SRN $ZCL $BITB $RDD,1
Sun Feb 25 02:06:19 +0000 2018,#Telegram needs an auto-translate feature so that ten different languages could be used in one chat and you would a‚Ä¶ https://t.co/CrQO9SAcNU,27
Sun Feb 25 02:06:02 +0000 2018,#Telegram needs an auto-translate feature so that ten different languages could be used in one chat and you would a‚Ä¶ https://t.co/CrQO9SAcNU,27
Sun Feb 25 02:04:08 +0000 2018,5 min #RSI Signals:  $BTC - $NBT: 25.45 $BTC - $ETC: 37.13  $NXT $OMG $VTR $NMR $LUN $PDC $SHIFT $GEO $BRX $ADX $XDN $SRN $ZCL $BITB $RDD,1
Sun Feb 25 01:59:09 +0000 2018,15 min #RSI Signals:  $BTC - $XEM: 31.41 $BTC - $NBT: 31.46 $BTC - $NXS: 34.07 $BTC - $SALT: 38.43  $CRB $OMG $GNO $RLC $PART $THC $XDN,0
Sun Feb 25 01:59:08 +0000 2018,30 min #RSI Signals:  $BTC - $XEM: 32.73 $BTC - $NXS: 34.05  $XRP $TRST $RLC $OMG $ETC $XVG $ANT $BITB $STRAT $SLS $DYN $OMNI $GOLOS $RDD,0
Sun Feb 25 01:59:07 +0000 2018,5 min #RSI Signals:  $USDT - $BTG: 32.05 $BTC - $SALT: 38.08  $XEL $BURST $BCC $SRN $ENRG $LUN $XRP $RISE $DNT $GUP $SEQ $XMR $SWIFT $ENG,0
Sun Feb 25 01:59:06 +0000 2018,60 min #RSI Signals:  $BTC - $XEM: 35.92 $BTC - $NXS: 37.94  $SPR $XLM $ADX $ABY $ENG $NBT $CRB $NMR $ETC $GOLOS $CLUB $VEE $GUP $IOP $OK,0
Sun Feb 25 01:54:16 +0000 2018,5 min #RSI Signals:  $USDT - $BTG: 32.05 $BTC - $SALT: 39.08  $EXCL $OMG $AEON $RLC $VTR $NMR $INCNT $ABY $CRB $PDC $ETC $ADT $GLD $DNT,0
Sun Feb 25 01:49:11 +0000 2018,5 min #RSI Signals:  $USDT - $BTG: 32.05 $BTC - $XEM: 39.44  $GOLOS $XRP $GLD $VTR $XLM $ETC $SWIFT $EMC2 $NMR $BCC $OMG $BLK $ERC $DOGE,0
Sun Feb 25 01:44:09 +0000 2018,15 min #RSI Signals:  $BTC - $NXS: 35.56 $BTC - $NBT: 37.4 $BTC - $BITB: 37.79 $BTC - $XLM: 37.83 $BTC - $SALT: 39.46  $NMR $ETC $DASH,0
Sun Feb 25 01:44:09 +0000 2018,5 min #RSI Signals:  $BTC - $SALT: 37.76 $BTC - $XLM: 39.01  $SRN $AUR $VIA $XMR $PDC $GBYTE $XWC $EBST $AEON $LTC $ADT $RLC $SBD $BITB,0
Sun Feb 25 01:39:08 +0000 2018,5 min #RSI Signals:  $BTC - $SALT: 38.5 $BTC - $NXS: 39.28  $RCN $SWIFT $START $MCO $ETC $DYN $DOGE $LUN $LTC $BYC $CRB $THC $NXT $ZCL,0
Sun Feb 25 01:34:09 +0000 2018,5 min #RSI Signals:  $BTC - $BITB: 36.84  $ETC $LTC $AUR $GNT $NLG $VEE $XMR $BCC $SNRG $BCPT $EMC $BRK $OMG $ZCL $BRX $GEO $RISE $BCY,0
Sun Feb 25 01:29:08 +0000 2018,15 min #RSI Signals:  $BTC - $NXS: 32.83 $BTC - $BITB: 33.72 $BTC - $NBT: 39.02  $DNT $GBYTE $OMNI $SWIFT $CLOAK $ERC $QRL $NMR $ANT $NEO,0
Sun Feb 25 01:29:08 +0000 2018,5 min #RSI Signals:  $BTC - $NBT: 24.33 $BTC - $BITB: 36.84  $OMNI $SC $SNRG $BCC $TRST $1ST $PAY $GOLOS $GEO $VEE $CRB $FLO $XMR $INCNT,0
Sun Feb 25 01:29:08 +0000 2018,30 min #RSI Signals:  $BTC - $NXS: 34.05 $BTC - $BITB: 37.01  $AEON $NLG $ETC $ANT $COVAL $VEE $BLITZ $CRB $IOC $RISE $VTR $UBQ $XRP $XMR,0
Sun Feb 25 01:24:09 +0000 2018,#Bitcoin $BTC Core Update:          Merge #12287: Optimise lock behaviour for GuessVerificationProgress()‚Ä¶ https://t.co/7IqIjI1QiE,0
Sun Feb 25 01:24:08 +0000 2018,5 min #RSI Signals:  $BTC - $NBT: 27.66 $BTC - $BITB: 36.84  $POT $GNO $OMG $LTC $XDN $IOP $ANT $EBST $GUP $RLC $ETC $CRW $FCT $XMR $HMQ,0
Sun Feb 25 01:21:06 +0000 2018,Curious on what #Blockchain isÔºÜcan actually do?  #FinTech #IoT #BigData #IT #AI #CyberSecurity #Technology‚Ä¶ https://t.co/47ts0LVeXN,25
Sun Feb 25 01:20:17 +0000 2018,5 min #RSI Signals:  $USDT - $DASH: 25.15 $BTC - $NBT: 39.02  $NMR $PAY $VIA $1ST $NLG $GNO $ZCL $AEON $THC $BRX $BTG $INFX $LUN $FTC $SC,1
Sun Feb 25 01:19:09 +0000 2018,5 min #RSI Signals:  $USDT - $DASH: 25.15 $BTC - $NBT: 39.02  $NMR $PAY $VIA $1ST $NLG $GNO $ZCL $AEON $THC $BRX $BTG $INFX $LUN $FTC $SC,1
Sun Feb 25 01:14:07 +0000 2018,5 min #RSI Signals:  $USDT - $DASH: 25.15 $BTC - $BITB: 26.84  $FLO $XVG $BRX $ETC $SRN $2GIVE $PPC $ADX $CRB $SALT $NMR $EMC $SIB $OMG,0
Sun Feb 25 01:14:07 +0000 2018,15 min #RSI Signals:  $BTC - $BITB: 29.44 $BTC - $XEM: 34.12 $BTC - $NXS: 36.35  $SRN $BURST $ETC $NMR $OMG $SWIFT $GAME $GEO $AEON $ERC,0
Sun Feb 25 01:09:07 +0000 2018,5 min #RSI Signals:  $USDT - $DASH: 25.15 $BTC - $BITB: 30.3  $XLM $ETC $BURST $VTR $XVG $SEQ $ADX $XMR $REP $STRAT $WAVES $BYC $SNRG $TX,0
Sun Feb 25 01:04:23 +0000 2018,$BTC weekly view is in buy status... https://t.co/4yDcSFyDwv,0
Sun Feb 25 01:04:09 +0000 2018,5 min #RSI Signals:  $BTC - $BITB: 30.3  $DOGE $NMR $WAVES $NXT $RDD $SALT $VEE $AEON $SWIFT $BRX $IOC $AUR $EMC $DYN $GNO $SPR $BCPT $SC,0
Sun Feb 25 00:59:19 +0000 2018,30 min #RSI Signals:  $BTC - $XEM: 32.6 $BTC - $NXS: 36.52  $ETC $INCNT $VTR $WINGS $QRL $GEO $AEON $RISE $ADX $CFI $2GIVE $COVAL $SRN,0
Sun Feb 25 00:59:10 +0000 2018,5 min #RSI Signals:  $BTC - $BITB: 37.2 $BTC - $ETC: 37.62  $BRX $RISE $TKS $ABY $XMR $NXT $XZC $GNT $CRW $SBD $GAME $XLM $DGB $NMR $SPR,0
Sun Feb 25 00:59:10 +0000 2018,15 min #RSI Signals:  $BTC - $XEM: 31.4 $BTC - $NXS: 36.43  $LTC $COVAL $LUN $KMD $ETC $STORJ $CLUB $GOLOS $WAVES $DCT $NMR $ADX $XWC $TX,0
Sun Feb 25 00:59:08 +0000 2018,60 min #RSI Signals:  $BTC - $XEM: 38.36 $BTC - $NXS: 39.59  $LTC $UKG $BYC $ADX $AEON $NMR $ZCL $VRC $QRL $NBT $EMC $WAVES $ETC $SIB $OK,0
Sun Feb 25 00:54:07 +0000 2018,5 min #RSI Signals:  $BTC - $XVG: 39.11  $VTR $EMC $SWIFT $ERC $BURST $XMY $ETC $ZCL $RISE $SYNX $CRB $SHIFT $XRP $BCC $DYN $NMR $UKG $SC,0
Sun Feb 25 00:50:39 +0000 2018,#Crypto Market Cap back over $500 Billion!  #Bitcoin (‚Çø) blazesüöÄpast $11K  #Ethereum nears $1K  üîù#Cryptocurrencyüí±in‚Ä¶ https://t.co/sfVxQK5PU0,2
Sun Feb 25 00:49:08 +0000 2018,5 min #RSI Signals:  $BTG $CRW $NMR $SWT $VTC $HMQ $CRB $EXCL $RLC $SALT $SHIFT $BITB $GNO $BCY $LUN $ETC $ADX $OMG $BTC $NXT $VEE $VIB,0
Sun Feb 25 00:47:17 +0000 2018,#JPMorgan flipsü§∏ Now backs #Cryptoüëá  ‚Äú#Cryptocurrency could be useful where current payment systems are slowÔºças acr‚Ä¶ https://t.co/IdP10pq7bT,2
Sun Feb 25 00:44:09 +0000 2018,15 min #RSI Signals:  $BTC - $NXS: 36.74 $BTC - $XEM: 38.86  $XVG $EMC $NAV $VIB $CFI $ETC $SPR $REP $INCNT $DNT $LGD $RLC $BLOCK $EMC2,0
Sun Feb 25 00:34:08 +0000 2018,5 min #RSI Signals:  $BTC - $XEM: 39.79  $ADX $PINK $SYNX $SWIFT $LTC $SBD $GAM $ETC $CFI $WAVES $SALT $OMG $NMR $DNT $XRP $ABY $RISE $OK,0
Sun Feb 25 00:34:00 +0000 2018,‚ö°Ô∏èCollection of üîù#Cryptocurrency¬†#Tradingüí±ÔΩú#Investingüí∏¬†#Tips  BeginnerÔΩúAdvanced #TutorialsÔΩú#Strategyüíπ  #SignalsüèÅ¬†‚Ä¶ https://t.co/t2wwmvCBHs,0
Sun Feb 25 00:29:09 +0000 2018,15 min #RSI Signals:  $BTC - $VEE: 33.68 $BTC - $NXS: 34.03 $BTC - $XEM: 38.86  $DOGE $BITB $RLC $GBYTE $ETC $NMR $QTUM $NXT $RISE $LTC,0
Sun Feb 25 00:29:07 +0000 2018,30 min #RSI Signals:  $BTC - $NXS: 34.88 $BTC - $XEM: 37.34  $SNRG $XRP $SRN $BCY $OMG $DOGE $ENG $VTR $INCNT $OMNI $LTC $CVC $LUN $REP,0
Sun Feb 25 00:29:07 +0000 2018,5 min #RSI Signals:  $BTC - $VEE: 31.55  $BCC $ADX $LTC $CRB $TRST $PINK $SYS $DNT $PART $EMC2 $FLDC $GNO $SALT $LUN $ANT $MANA $ETC $PDC,0
Sun Feb 25 00:28:00 +0000 2018,‚ö°Ô∏èCollection of üîù#Cryptocurrency¬†#Tradingüí±ÔΩú#Investingüí∏¬†#Tips  BeginnerÔΩúAdvanced #TutorialsÔΩú#Strategyüíπ  #SignalsüèÅ¬†‚Ä¶ https://t.co/gkjDQa1BIf,0
Sun Feb 25 00:24:08 +0000 2018,5 min #RSI Signals:  $BTC - $NBT: 34.62 $BTC - $VEE: 34.83 $BTC - $LSK: 39.72  $SRN $OMG $PTC $DOGE $ENG $NLG $XRP $ETC $NMR $EMC $HMQ,0
Sun Feb 25 00:20:04 +0000 2018,5 min #RSI Signals:  $BTC - $VEE: 29.75  $RLC $GEO $FUN $PDC $GUP $UKG $LUN $QRL $XVC $WINGS $ARDR $DNT $XWC $NMR $MUE $LTC $WAVES $GBYTE,1
Sun Feb 25 00:19:09 +0000 2018,5 min #RSI Signals:  $BTC - $VEE: 29.75  $RLC $GEO $FUN $PDC $GUP $UKG $LUN $QRL $XVC $WINGS $ARDR $DNT $XWC $NMR $MUE $LTC $WAVES $GBYTE,1
Sun Feb 25 00:14:17 +0000 2018,5 min #RSI Signals:  $BTC - $VEE: 30.48 $BTC - $LSK: 34.07 $BTC - $NXS: 39.1  $XVG $XLM $SYNX $EBST $PDC $LTC $NMR $SWIFT $BAY $HMQ $ANT,0
Sun Feb 25 00:14:07 +0000 2018,15 min #RSI Signals:  $BTC - $NXS: 32.82 $BTC - $VEE: 34.73 $BTC - $XEM: 38.86  $XEL $ERC $MCO $EMC2 $GLD $ANT $RLC $SRN $OMG $BITB $RDD,0
Sun Feb 25 00:09:07 +0000 2018,5 min #RSI Signals:  $BTC - $VEE: 30.48 $BTC - $SALT: 38.97 $USDT - $XRP: 38.99 $BTC - $BITB: 39.19 $BTC - $NXS: 39.51  $LUN $QRL $1ST,0
Sun Feb 25 00:04:07 +0000 2018,5 min #RSI Signals:  $BTC - $NBT: 25.84 $BTC - $XEM: 35.54 $BTC - $SALT: 37.74 $BTC - $NXS: 38.73  $VTR $BITB $BCC $SBD $ENG $VIB $OMG,0
