Tue Jul 03 22:05:28 +0000 2018,I think I was nearly struck by lightning walking home... I could distinctly hear the thunder ripple through the air… https://t.co/Ao252mh2N4,0
Tue Jul 03 20:56:28 +0000 2018,Ripple Labs Faces Third Securities Fraud Suit Over Its XRP Cryptocurrency https://t.co/5zkv2VdNrG via @RecorderTweets,0
Tue Jul 03 17:56:01 +0000 2018,Ripple Labs Faces Third Securities Fraud Suit over its XRP Cryptocurrency https://t.co/PRQ4yDkCnc via . @RecorderTweets,0
Tue Jul 03 16:04:25 +0000 2018,今更聞けないXRPとリップルの違いThe difference XRP and ripple that I can not ask you now仮想通貨Cryptocurrency  仮想通貨サムライ https://t.co/hhtGEWaCw1,0
Tue Jul 03 14:27:08 +0000 2018,And it becomes a ripple effect that’s very hard to swim out of and leaves us with a lack of ownership in property b… https://t.co/gWOT1nbnDS,1
Tue Jul 03 12:29:07 +0000 2018,Here Is The Upside Of Ripple (XRP) Being Declared A Security https://t.co/2jRCMyJjFs,0
Tue Jul 03 06:14:20 +0000 2018,Ripple (XRP)’s Includes a Potential Amazon Partnership and $2 Million Investment in Texas University’s Blockchain… https://t.co/c8qcfpYSEt,0
Tue Jul 03 03:34:48 +0000 2018,And it becomes a ripple effect that’s very hard to swim out of and leaves us with a lack of ownership in property b… https://t.co/gWOT1nbnDS,1
Tue Jul 03 03:14:22 +0000 2018,@shillycrypto Ohhhhhh.... now that I noticed  it’s XRP not Ripple. Damn you,0
Tue Jul 03 03:12:57 +0000 2018,@shillycrypto I don’t even have Or like Ripple at all  and I Just looked to see. Thanks LOL,0
Tue Jul 03 01:29:43 +0000 2018,@_Lambo_Leo High energy is right  but we aren’t as bad as the Ripple  Tron  Verge community... right? I mean  at le… https://t.co/CLOdUTq5no,0
