Sat Sep 22 23:34:43 +0000 2018,Congrats to @EggiesEGG for being approved for funding. Funding is still open until the HardCap is reached or time e‚Ä¶ https://t.co/0GyjV5tnon,17
Sat Sep 22 23:23:17 +0000 2018,Congrats to @EggiesEGG for being approved for funding. Funding is still open until the HardCap is reached or time e‚Ä¶ https://t.co/0GyjV5tnon,17
Sat Sep 22 22:46:14 +0000 2018,Congrats to @EggiesEGG for being approved for funding. Funding is still open until the HardCap is reached or time e‚Ä¶ https://t.co/0GyjV5tnon,17
Sat Sep 22 22:24:31 +0000 2018,Congrats to @EggiesEGG for being approved for funding. Funding is still open until the HardCap is reached or time e‚Ä¶ https://t.co/0GyjV5tnon,17
Sat Sep 22 22:18:56 +0000 2018,yea ight üì∏! 9/21 @BelascoLA https://t.co/uRd91gkqmF,5
Sat Sep 22 22:10:22 +0000 2018,Congrats to @EggiesEGG for being approved for funding. Funding is still open until the HardCap is reached or time e‚Ä¶ https://t.co/0GyjV5tnon,17
Sat Sep 22 21:57:11 +0000 2018,Congrats to @EggiesEGG for being approved for funding. Funding is still open until the HardCap is reached or time e‚Ä¶ https://t.co/0GyjV5tnon,17
Sat Sep 22 21:54:26 +0000 2018,Congrats to @EggiesEGG for being approved for funding. Funding is still open until the HardCap is reached or time e‚Ä¶ https://t.co/0GyjV5tnon,17
Sat Sep 22 21:49:36 +0000 2018,Congrats to @EggiesEGG for being approved for funding. Funding is still open until the HardCap is reached or time e‚Ä¶ https://t.co/0GyjV5tnon,17
Sat Sep 22 21:48:50 +0000 2018,Congrats to @EggiesEGG for being approved for funding. Funding is still open until the HardCap is reached or time e‚Ä¶ https://t.co/0GyjV5tnon,17
Sat Sep 22 21:18:07 +0000 2018,You know the nigga that died  I know the nigga that did it ü§∑üèø‚Äç‚ôÇÔ∏è,5
Sat Sep 22 21:17:48 +0000 2018,#Ripple and #XRP Witness Massive Spike in Web Searches  as #Tron Beats #Bitcoin on Twitter   $XRP $TRX @WLFOFMYST‚Ä¶ https://t.co/Lj28YqOCQs,7
Sat Sep 22 21:06:54 +0000 2018,We're thrilled to announce our fourth project on #SEEDGerminator @TronWatch Market.  A Decentralized Exchange for t‚Ä¶ https://t.co/Rf88fIU9SL,62
Sat Sep 22 21:02:54 +0000 2018,@AlexTheCrump And guardians and Tron on the way there too,0
Sat Sep 22 20:57:27 +0000 2018,Congrats to @EggiesEGG for being approved for funding. Funding is still open until the HardCap is reached or time e‚Ä¶ https://t.co/0GyjV5tnon,17
Sat Sep 22 20:57:21 +0000 2018,#EggiesWorld is an interactive  open world game that uses the #TRON Network for player interaction  gameplay and in‚Ä¶ https://t.co/pLMMw0BJDj,32
Sat Sep 22 20:57:06 +0000 2018,Congrats to @EggiesEGG for being approved for funding. Funding is still open until the HardCap is reached or time e‚Ä¶ https://t.co/0GyjV5tnon,17
Sat Sep 22 20:52:45 +0000 2018,#Ripple and #XRP Witness Massive Spike in Web Searches  as #Tron Beats #Bitcoin on Twitter   $XRP $TRX @WLFOFMYST‚Ä¶ https://t.co/Lj28YqOCQs,7
Sat Sep 22 20:47:13 +0000 2018,Congrats to @EggiesEGG for being approved for funding. Funding is still open until the HardCap is reached or time e‚Ä¶ https://t.co/0GyjV5tnon,17
Sat Sep 22 20:46:45 +0000 2018,#Ripple and #XRP Witness Massive Spike in Web Searches  as #Tron Beats #Bitcoin on Twitter   $XRP $TRX @WLFOFMYST‚Ä¶ https://t.co/Lj28YqOCQs,7
Sat Sep 22 20:44:17 +0000 2018,Congrats to @EggiesEGG for being approved for funding. Funding is still open until the HardCap is reached or time e‚Ä¶ https://t.co/0GyjV5tnon,17
Sat Sep 22 20:31:42 +0000 2018,Congrats to @EggiesEGG for being approved for funding. Funding is still open until the HardCap is reached or time e‚Ä¶ https://t.co/0GyjV5tnon,17
Sat Sep 22 20:22:22 +0000 2018,Congrats to @EggiesEGG for being approved for funding. Funding is still open until the HardCap is reached or time e‚Ä¶ https://t.co/0GyjV5tnon,17
Sat Sep 22 20:22:08 +0000 2018,Congrats to @EggiesEGG for being approved for funding. Funding is still open until the HardCap is reached or time e‚Ä¶ https://t.co/0GyjV5tnon,17
Sat Sep 22 20:03:55 +0000 2018,#Ripple and #XRP Witness Massive Spike in Web Searches  as #Tron Beats #Bitcoin on Twitter   $XRP $TRX @WLFOFMYST‚Ä¶ https://t.co/Lj28YqOCQs,7
Sat Sep 22 19:56:05 +0000 2018,#Ripple and #XRP Witness Massive Spike in Web Searches  as #Tron Beats #Bitcoin on Twitter   $XRP $TRX @WLFOFMYST‚Ä¶ https://t.co/Lj28YqOCQs,7
Sat Sep 22 19:19:06 +0000 2018,@TrON_of_Empathy Thought this might be of interest https://t.co/NTqDZwRccx,1
Sat Sep 22 18:57:43 +0000 2018,@incredulicious ‚ÄúTrish  trust me: this baby will LOVE TRON.‚Äù *instant light cycle seizure*,0
Sat Sep 22 18:08:45 +0000 2018,Step brother tron that everyone hates could be waking up!!!  - #TRXUSDT chart https://t.co/hzZXtzWPae,0
Sat Sep 22 17:58:30 +0000 2018,@mlp_techno_tron That's such a compliment! Thank you!,0
Sat Sep 22 17:07:03 +0000 2018,‚Ä¢Sunday Drive‚Ä¢ Audi‚Äôs all-electric SUV will take on the Jaguar I-Pace and Mercedes-Benz EQC when it arrives in US s‚Ä¶ https://t.co/V3r60BWYnJ,0
Sat Sep 22 16:17:42 +0000 2018,#Trx #Tron https://t.co/jzTWI4r9B0,1
Sat Sep 22 16:02:31 +0000 2018,the browns are america‚Äôs team https://t.co/IVCRuMvpKn,847
Sat Sep 22 15:45:52 +0000 2018,#Trx #Tron https://t.co/jzTWI4r9B0,1
Sat Sep 22 15:12:53 +0000 2018,Community day in Akihabara https://t.co/8SdGaGAOXo,406
Sat Sep 22 13:19:33 +0000 2018,@ChristianTesto1 @jungleincxrp @justinsuntron @TeamYouTube That would be an excellent project. We'll keep our eyes‚Ä¶ https://t.co/TiH3DhzqcZ,1
Sat Sep 22 13:17:40 +0000 2018,@ChristianTesto1 @jungleincxrp @justinsuntron @TeamYouTube That would be an excellent project. We'll keep our eyes‚Ä¶ https://t.co/TiH3DhzqcZ,1
Sat Sep 22 10:40:19 +0000 2018,@tron_coin Posted...  https://t.co/fugW08cOQa,0
Sat Sep 22 07:08:35 +0000 2018,Crypto News Flash: Bitcoin (BTC)  Ethereum (ETH)  Ripple and XRP  Tron (TRX)  DigiByte (DGB)  Dash  $BTC $ETH $XRP‚Ä¶ https://t.co/wMave6ljNX,0
Sat Sep 22 07:02:54 +0000 2018,I worked for an SMB for 3 years that eventually went out of business. 8 employees &amp; approximately $1mil/yr in reven‚Ä¶ https://t.co/krg3lTWRxA,0
Sat Sep 22 05:54:54 +0000 2018,#trx #tron https://t.co/q8woqDK7vc,2
Sat Sep 22 05:47:45 +0000 2018,Excerpt from ‚ÄúCrypto Money‚Äù Music Video. Watch full video on YouTube https://t.co/mafyVqwPDJ #cryptotrading‚Ä¶ https://t.co/v4TkCrLfE3,1
Sat Sep 22 05:44:22 +0000 2018,#trx #tron https://t.co/q8woqDK7vc,2
Sat Sep 22 03:10:32 +0000 2018,Could‚Äôve had a 20 strip in 2 plays but I robbed the plug üò≠,0
Sat Sep 22 03:06:40 +0000 2018,Greetings programs!!! #tron #retro #retroarcade #videogames #gamer #80s #keepthingsfun #funlife #fun #travel‚Ä¶ https://t.co/UVXqHP3504,0
Sat Sep 22 01:14:07 +0000 2018,Definitely going with Teen Wolf and Lola... https://t.co/53mwlak1Vl,0
Sat Sep 22 01:09:07 +0000 2018,@JeanieBuss You mean...Never mind. üòè https://t.co/7uwYbLXJPP,0
Sat Sep 22 00:59:32 +0000 2018,@VeniceMase Trojans always lose this type of game. They don't do well on non-Saturday games...Especially if they're‚Ä¶ https://t.co/hHCLR7SIeq,0
Sat Sep 22 00:00:05 +0000 2018,@MikeNerdUK @Tronfoundation @utorrent @BitTorrent Not a bad idea. There have been other great ideas as well but whe‚Ä¶ https://t.co/3cRXavXZQN,0
