Fri Sep 08 23:04:50 +0000 2017,The youtube reactions to the death scene in the game of thrones finale are freaking gold.,0
Fri Sep 08 21:25:44 +0000 2017,everything that @samsmithworld produces is straight gold,0
Fri Sep 08 21:05:55 +0000 2017,In the pantheon of visual metaphors for America today  this is the money shot. https://t.co/09COuDutBC,107474
Fri Sep 08 20:52:25 +0000 2017,I feel like we all over look the gold that was Obi Wan‚Äôs plan was to hitch a ride to Alderaan and then... https://t.co/WMWq4kyzYf,0
Fri Sep 08 20:17:46 +0000 2017,@wroteinbernie @H_O_P4E @RGC_BPPA @fight4medicare @HCNow HR 676 is the gold standard. Conyers got it right.,0
Fri Sep 08 20:04:29 +0000 2017,I just added this to my closet on Poshmark: RARE vintage evening bag Ivory and gold.. https://t.co/tpkzlt8diN via @poshmarkapp #shopmycloset,0
Fri Sep 08 19:24:32 +0000 2017,I just added this to my closet on Poshmark: RARE vintage evening bag Ivory and gold.. https://t.co/tpkzltpOHn via @poshmarkapp #shopmycloset,0
Fri Sep 08 18:38:06 +0000 2017,The White Gold Region of the Yukon Revisited https://t.co/dL6raxU8Se,0
Fri Sep 08 18:30:06 +0000 2017,Gold‚Äôs Next Big Test - This post Gold‚Äôs Next Big Test appeared first on Daily Reckoning. Gold bugs are dancing ... https://t.co/HjmCFX60oH,2
Fri Sep 08 17:57:57 +0000 2017,From gold nanoparticles to makerspaces  young scientists from across the U.S. come to UMBC for research experience‚Ä¶ https://t.co/QsC0H6zH01,3
Fri Sep 08 17:55:40 +0000 2017,Gold rising in all major currencies. The failure of fiat kicking in. The gold bull market resuming upwards. Are you‚Ä¶ https://t.co/0o5Amme5Y5,0
Fri Sep 08 17:45:55 +0000 2017,‚õìIt's all in the details ‚õì #handmade #jewelry #necklace #earrings #labradorite #gold #ring‚Ä¶ https://t.co/yaav9eUG40,116
Fri Sep 08 17:26:55 +0000 2017,@ByzantineSnake we go to Gold's this was the first real bugman I saw,0
Fri Sep 08 17:19:35 +0000 2017,I just added this to my closet on Poshmark: Monet beaded gold and lucite necklace. https://t.co/XEt4n1vfXj via @poshmarkapp #shopmycloset,0
Fri Sep 08 17:00:56 +0000 2017,I feel like immigrants look at America like a gold mine and really it‚Äôs shit lol,2
Fri Sep 08 17:00:19 +0000 2017,I feel like immigrants look at America like a gold mine and really it‚Äôs shit lol,2
Fri Sep 08 16:57:30 +0000 2017,FRAT SHIT ITS A GOLD RUSH YADAMEAAAAAAAAAN https://t.co/DYFvufUYVI,1
Fri Sep 08 16:32:22 +0000 2017,I just added this to my closet on Poshmark: 14k gold and jade vintage estate pendant. https://t.co/DdnIV8EjEt via @poshmarkapp #shopmycloset,0
Fri Sep 08 16:31:45 +0000 2017,Of course now I have to go the rest of my day with gold fairy dust on my face üò≠üò≠üò≠,0
Fri Sep 08 16:25:04 +0000 2017,I just added this to my closet on Poshmark: Gold hammered link dangle earrings.. https://t.co/FsdysT3QCk via @poshmarkapp #shopmycloset,0
Fri Sep 08 16:15:53 +0000 2017,#Gold hits highest in a year as rate hike expectations diminish https://t.co/lyKVv4WM35,0
Fri Sep 08 16:12:36 +0000 2017,From gold nanoparticles to makerspaces  young scientists from across the U.S. come to UMBC for research experience‚Ä¶ https://t.co/QsC0H6zH01,3
Fri Sep 08 16:11:12 +0000 2017,FRAT SHIT ITS A GOLD RUSH YADAMEAAAAAAAAAN https://t.co/DYFvufUYVI,1
Fri Sep 08 15:47:38 +0000 2017,It's like a yellowish gold. Idk,0
Fri Sep 08 15:47:29 +0000 2017,It's reallyyyy gold. https://t.co/37VJ6XuofL,0
Fri Sep 08 15:31:10 +0000 2017,When I was going under the name Kmussolini.  Went Gold &amp; Platinum... https://t.co/3mQfxjHjmK,0
Fri Sep 08 15:22:48 +0000 2017,Will #Gold Make You 25 000% Richer Like #Bitcoin? https://t.co/6IwIfyzvsH,0
Fri Sep 08 15:21:29 +0000 2017,#BoJackHorseman s4e1: comedy gold  best episode of the series so far!  s4e2: *softly  but with a lot of feeling* what the fuck...,0
Fri Sep 08 15:14:14 +0000 2017,@gateone100 @ClayTravis Im sure u white ppl have lots of gold. Send some Kaps way. He is creatin change  sparkin co‚Ä¶ https://t.co/WHENVmxI2D,0
Fri Sep 08 15:10:01 +0000 2017,https://t.co/KHfL9o6QWb https://t.co/QibRKe0Yhb,0
Fri Sep 08 15:05:38 +0000 2017,#gold goes green... at $1 352.50 this morning,1
Fri Sep 08 15:02:57 +0000 2017,@siasees @coindesk I believe it was modeled on the de minimis exemption for foreign currency transactions. Not sure about gold.,0
Fri Sep 08 15:01:49 +0000 2017,Gold‚Äôs Next Big Test - This post Gold‚Äôs Next Big Test appeared first on Daily Reckoning. Gold bugs are dancing ... https://t.co/HjmCFX60oH,2
Fri Sep 08 15:00:41 +0000 2017,Gold‚Äôs Next Big Test - This post Gold‚Äôs Next Big Test appeared first on Daily Reckoning. Gold bugs are dancing ... https://t.co/HjmCFX60oH,2
Fri Sep 08 14:40:44 +0000 2017,@Gold_AntiTrust ...or false pattern recognition?,0
Fri Sep 08 14:40:02 +0000 2017,and here we are...manipulation? @Gold_AntiTrust https://t.co/hzWR74vGn4,0
Fri Sep 08 14:39:01 +0000 2017,Gold investors should be on the lookout for big volume tomorrow. The past two Friday's have seen unusually heavy volume and price volatility,1
Fri Sep 08 14:37:40 +0000 2017,#gold goes green... at $1 352.50 this morning,1
Fri Sep 08 13:57:26 +0000 2017,From gold nanoparticles to makerspaces  young scientists from across the U.S. come to UMBC for research experience‚Ä¶ https://t.co/QsC0H6zH01,3
Fri Sep 08 13:53:18 +0000 2017,From gold nanoparticles to makerspaces  young scientists from across the U.S. come to UMBC for research experience‚Ä¶ https://t.co/QsC0H6zH01,3
Fri Sep 08 13:07:08 +0000 2017,Buy Everything: #Gold  #Stocks  #Bonds All Draw Big Inflows https://t.co/jlUEssAVsI,0
Fri Sep 08 12:48:59 +0000 2017,Today marks 26 years since @RicFlairNatrBoy showed up on Prime Time Wrestling with Big Gold. Still surreal. https://t.co/jLkpKS2onf,1
Fri Sep 08 12:41:45 +0000 2017,Today marks 26 years since @RicFlairNatrBoy showed up on Prime Time Wrestling with Big Gold. Still surreal. https://t.co/jLkpKS2onf,1
Fri Sep 08 12:40:46 +0000 2017,#NewsWire #MarketWatch: $Gold makes new highs this morning as drama heats up around the market‚Ä¶ https://t.co/7zSRqUxbVT $FB $DIS $AAPL $EFX,1
Fri Sep 08 12:36:38 +0000 2017,#NewsWire #MarketWatch: $Gold makes new highs this morning as drama heats up around the market‚Ä¶ https://t.co/7zSRqUxbVT $FB $DIS $AAPL $EFX,1
Fri Sep 08 11:40:40 +0000 2017,‚ú®Hoop Dreams üîó #hoops #earrings #jewelry #handmade #gold #quartz #wirewrapped #jotd‚Ä¶ https://t.co/C8DJi4Mxxt,0
Fri Sep 08 10:06:25 +0000 2017,How I pray everyone's Summer 17 is going to look. Gold  glowy &amp; magical ‚ú®‚ú® https://t.co/FATUgZD31f,163
Fri Sep 08 10:00:46 +0000 2017,8 Sep 2016: Bethany Firth won Paralympic gold in women's 100m breaststroke S14 swimming  at the Rio Games.... https://t.co/g9S1UW73BQ,0
Fri Sep 08 07:07:48 +0000 2017,Finally gold for svgüòç https://t.co/0wBsKYh0Id,6
Fri Sep 08 06:05:43 +0000 2017,After the resignation of #Fed's Stan Fischer  this post from @JamesGRickards is worth reading. https://t.co/nnTBFAeZsw,21
Fri Sep 08 05:57:48 +0000 2017,I have a heart of gold ! I thank god for that,3
Fri Sep 08 05:17:16 +0000 2017,In the pantheon of visual metaphors for America today  this is the money shot. https://t.co/09COuDutBC,107474
Fri Sep 08 05:07:17 +0000 2017,My attitude is Really savage buhh my heart Is gold üíØ,0
Fri Sep 08 04:39:11 +0000 2017,@ESPNStatsInfo Gold jacket,0
Fri Sep 08 04:31:45 +0000 2017,Gold. https://t.co/FGveu4XRS7,0
Fri Sep 08 04:12:14 +0000 2017,@impercell You get a gold ‚≠êÔ∏è!!!! üëèüèæüëèüèæüëèüèæ,1
Fri Sep 08 04:09:18 +0000 2017,Smh we blew the money,0
Fri Sep 08 04:03:42 +0000 2017,A Narcos wive was wearing this silk shirt dress with a delicate belt  dainty gold jewelry  and stilettos.,0
Fri Sep 08 04:02:12 +0000 2017,One Narcos gf was wearing this pink chiffon button down with gold buttons  black cigarette pants w/ a Chanel belt  and stilettos. Yaaasss!,0
Fri Sep 08 04:02:00 +0000 2017,All the gold cups from the first event  exact 3 rows. https://t.co/YdAQ5Hs3r7,0
Fri Sep 08 03:17:25 +0000 2017,Gold teeth gold ring gold chain,0
Fri Sep 08 03:04:40 +0000 2017,i hope i'm wrong  but i'm not sure if how much faster gold can rise. it bounced between 1200 and 1300 all year. gotta expect profit-taking,0
Fri Sep 08 03:01:12 +0000 2017,Gold moving higher now in Asia....$1 358,0
Fri Sep 08 02:55:38 +0000 2017,In the pantheon of visual metaphors for America today  this is the money shot. https://t.co/09COuDutBC,107474
Fri Sep 08 02:13:37 +0000 2017,Gold mostly flat this morning in HK https://t.co/NX7Z6b1OrG,0
Fri Sep 08 02:06:43 +0000 2017,@ATB_MUT @Ap2Oak You need 5 silver and gold tokens to bypass the 16 solos or just buy the 5 for 600 points each,0
Fri Sep 08 01:18:14 +0000 2017,Tomorrow‚Äôs episode of @Hitman With a Hammer is solid gold. #vampiremagician,1
Fri Sep 08 01:17:51 +0000 2017,Tomorrow‚Äôs episode of @Hitman With a Hammer is solid gold. #vampiremagician,1
Fri Sep 08 01:00:24 +0000 2017,#Gold Seeker Closing Report: Gold and #Silver Gain Over 1% Again https://t.co/ADZwSKLPpm,0
Fri Sep 08 00:43:56 +0000 2017,80s Ralph Lauren Gold Crown Crest Blazer Worsted Wool https://t.co/6pzUe108ZH via @Etsy #80sRalphLaurenGoldCrownCrestBlazer #TooArtfulForYou,0
Fri Sep 08 00:42:40 +0000 2017,Here's the Hottest New Way to Get Rich With #Gold https://t.co/LngF9Cziu6,0
