Thu Jun 22 23:57:38 +0000 2017,@NPRWeekend #FennTreasure @ForrestFenn Seeking Adventure &amp; Gold? Crack Poem &amp; Head Outdoors https://t.co/PFgMstKbkE https://t.co/k2Ov9mjWr9,147
Thu Jun 22 23:47:30 +0000 2017,You are black gold,0
Thu Jun 22 23:45:58 +0000 2017,Does the BILE BURN? When you actually speak these thoughts out loud to your Gold encrusted hand mirror.. Come see mâ€¦ https://t.co/yJek8J0Z9c,0
Thu Jun 22 23:40:06 +0000 2017,@NPRWeekend #FennTreasure @ForrestFenn Seeking Adventure &amp; Gold? Crack Poem &amp; Head Outdoors https://t.co/PFgMstKbkE https://t.co/k2Ov9mjWr9,147
Thu Jun 22 23:33:35 +0000 2017,@NPRWeekend #FennTreasure @ForrestFenn Seeking Adventure &amp; Gold? Crack Poem &amp; Head Outdoors https://t.co/PFgMstKbkE https://t.co/k2Ov9mjWr9,147
Thu Jun 22 23:32:05 +0000 2017,@NPRWeekend #FennTreasure @ForrestFenn Seeking Adventure &amp; Gold? Crack Poem &amp; Head Outdoors https://t.co/PFgMstKbkE https://t.co/k2Ov9mjWr9,147
Thu Jun 22 23:28:03 +0000 2017,@saguilan94 Yes rose gold pink ðŸ˜ˆ,0
Thu Jun 22 23:25:29 +0000 2017,@NPRWeekend #FennTreasure @ForrestFenn Seeking Adventure &amp; Gold? Crack Poem &amp; Head Outdoors https://t.co/PFgMstKbkE https://t.co/k2Ov9mjWr9,147
Thu Jun 22 23:15:04 +0000 2017,#WSOP 2014: #PhilIvey Wins 10th #Gold #Bracelet https://t.co/RVgahqONDj,0
Thu Jun 22 23:11:02 +0000 2017,@NPRWeekend #FennTreasure @ForrestFenn Seeking Adventure &amp; Gold? Crack Poem &amp; Head Outdoors https://t.co/PFgMstKbkE https://t.co/k2Ov9mjWr9,147
Thu Jun 22 23:10:02 +0000 2017,@NPRWeekend #FennTreasure @ForrestFenn Seeking Adventure &amp; Gold? Crack Poem &amp; Head Outdoors https://t.co/PFgMstKbkE https://t.co/k2Ov9mjWr9,147
Thu Jun 22 23:01:54 +0000 2017,EMAIL ANNOUNCING KICKSTARTER GOLD: ...these creators have used Kickstarter two  three  four (and sometimes more!) times... ME: Heh. Four  eh,1
Thu Jun 22 23:01:06 +0000 2017,@NPRWeekend #FennTreasure @ForrestFenn Seeking Adventure &amp; Gold? Crack Poem &amp; Head Outdoors https://t.co/PFgMstKbkE https://t.co/k2Ov9mjWr9,147
Thu Jun 22 23:00:29 +0000 2017,#NowPlaying Kiiara - Gold - https://t.co/TB9BPct56T https://t.co/tyYdOIjNFL,0
Thu Jun 22 22:57:42 +0000 2017,@NPRWeekend #FennTreasure @ForrestFenn Seeking Adventure &amp; Gold? Crack Poem &amp; Head Outdoors https://t.co/PFgMstKbkE https://t.co/k2Ov9mjWr9,147
Thu Jun 22 22:53:17 +0000 2017,@NPRWeekend #FennTreasure @ForrestFenn Seeking Adventure &amp; Gold? Crack Poem &amp; Head Outdoors https://t.co/PFgMstKbkE https://t.co/k2Ov9mjWr9,147
Thu Jun 22 22:51:30 +0000 2017,@NPRWeekend #FennTreasure @ForrestFenn Seeking Adventure &amp; Gold? Crack Poem &amp; Head Outdoors https://t.co/PFgMstKbkE https://t.co/k2Ov9mjWr9,147
Thu Jun 22 22:46:10 +0000 2017,@NPRWeekend #FennTreasure @ForrestFenn Seeking Adventure &amp; Gold? Crack Poem &amp; Head Outdoors https://t.co/PFgMstKbkE https://t.co/k2Ov9mjWr9,147
Thu Jun 22 22:45:35 +0000 2017,Hot take: the worst part about "Gold Digger" is that Kanye pronounces it "pre-nump".,0
Thu Jun 22 22:43:58 +0000 2017,@NPRWeekend #FennTreasure @ForrestFenn Seeking Adventure &amp; Gold? Crack Poem &amp; Head Outdoors https://t.co/PFgMstKbkE https://t.co/k2Ov9mjWr9,147
Thu Jun 22 22:43:34 +0000 2017,@NPRWeekend #FennTreasure @ForrestFenn Seeking Adventure &amp; Gold? Crack Poem &amp; Head Outdoors https://t.co/PFgMstKbkE https://t.co/k2Ov9mjWr9,147
Thu Jun 22 22:38:48 +0000 2017,EMAIL ANNOUNCING KICKSTARTER GOLD: ...these creators have used Kickstarter two  three  four (and sometimes more!) times... ME: Heh. Four  eh,1
Thu Jun 22 22:36:31 +0000 2017,@NPRWeekend #FennTreasure @ForrestFenn Seeking Adventure &amp; Gold? Crack Poem &amp; Head Outdoors https://t.co/PFgMstKbkE https://t.co/k2Ov9mjWr9,147
Thu Jun 22 22:32:53 +0000 2017,@NPRWeekend #FennTreasure @ForrestFenn Seeking Adventure &amp; Gold? Crack Poem &amp; Head Outdoors https://t.co/PFgMstKbkE https://t.co/k2Ov9mjWr9,147
Thu Jun 22 22:24:10 +0000 2017,@NPRWeekend #FennTreasure @ForrestFenn Seeking Adventure &amp; Gold? Crack Poem &amp; Head Outdoors https://t.co/PFgMstKbkE https://t.co/k2Ov9mjWr9,147
Thu Jun 22 22:15:10 +0000 2017,@NPRWeekend #FennTreasure @ForrestFenn Seeking Adventure &amp; Gold? Crack Poem &amp; Head Outdoors https://t.co/PFgMstKbkE https://t.co/k2Ov9mjWr9,147
Thu Jun 22 22:13:07 +0000 2017,@NPRWeekend #FennTreasure @ForrestFenn Seeking Adventure &amp; Gold? Crack Poem &amp; Head Outdoors https://t.co/PFgMstKbkE https://t.co/k2Ov9mjWr9,147
Thu Jun 22 22:11:53 +0000 2017,@NPRWeekend #FennTreasure @ForrestFenn Seeking Adventure &amp; Gold? Crack Poem &amp; Head Outdoors https://t.co/PFgMstKbkE https://t.co/k2Ov9mjWr9,147
Thu Jun 22 22:06:42 +0000 2017,@NPRWeekend #FennTreasure @ForrestFenn Seeking Adventure &amp; Gold? Crack Poem &amp; Head Outdoors https://t.co/PFgMstKbkE https://t.co/k2Ov9mjWr9,147
Thu Jun 22 22:05:31 +0000 2017,@NPRWeekend #FennTreasure @ForrestFenn Seeking Adventure &amp; Gold? Crack Poem &amp; Head Outdoors https://t.co/PFgMstKbkE https://t.co/k2Ov9mjWr9,147
Thu Jun 22 22:04:48 +0000 2017,@NPRWeekend #FennTreasure @ForrestFenn Seeking Adventure &amp; Gold? Crack Poem &amp; Head Outdoors https://t.co/PFgMstKbkE https://t.co/k2Ov9mjWr9,147
Thu Jun 22 21:58:36 +0000 2017,@NPRWeekend #FennTreasure @ForrestFenn Seeking Adventure &amp; Gold? Crack Poem &amp; Head Outdoors https://t.co/PFgMstKbkE https://t.co/k2Ov9mjWr9,147
Thu Jun 22 21:58:09 +0000 2017,@NPRWeekend #FennTreasure @ForrestFenn Seeking Adventure &amp; Gold? Crack Poem &amp; Head Outdoors https://t.co/PFgMstKbkE https://t.co/k2Ov9mjWr9,147
Thu Jun 22 21:54:55 +0000 2017,@NPRWeekend #FennTreasure @ForrestFenn Seeking Adventure &amp; Gold? Crack Poem &amp; Head Outdoors https://t.co/PFgMstKbkE https://t.co/k2Ov9mjWr9,147
Thu Jun 22 21:44:12 +0000 2017,@NPRWeekend #FennTreasure @ForrestFenn Seeking Adventure &amp; Gold? Crack Poem &amp; Head Outdoors https://t.co/PFgMstKbkE https://t.co/k2Ov9mjWr9,147
Thu Jun 22 21:33:26 +0000 2017,@NPRWeekend #FennTreasure @ForrestFenn Seeking Adventure &amp; Gold? Crack Poem &amp; Head Outdoors https://t.co/PFgMstKbkE https://t.co/k2Ov9mjWr9,147
Thu Jun 22 21:32:18 +0000 2017,@NPRWeekend #FennTreasure @ForrestFenn Seeking Adventure &amp; Gold? Crack Poem &amp; Head Outdoors https://t.co/PFgMstKbkE https://t.co/k2Ov9mjWr9,147
Thu Jun 22 21:31:11 +0000 2017,@NPRWeekend #FennTreasure @ForrestFenn Seeking Adventure &amp; Gold? Crack Poem &amp; Head Outdoors https://t.co/PFgMstKbkE https://t.co/k2Ov9mjWr9,147
Thu Jun 22 21:30:34 +0000 2017,@NPRWeekend #FennTreasure @ForrestFenn Seeking Adventure &amp; Gold? Crack Poem &amp; Head Outdoors https://t.co/PFgMstKbkE https://t.co/k2Ov9mjWr9,147
Thu Jun 22 21:29:00 +0000 2017,@NPRWeekend #FennTreasure @ForrestFenn Seeking Adventure &amp; Gold? Crack Poem &amp; Head Outdoors https://t.co/PFgMstKbkE https://t.co/k2Ov9mjWr9,147
Thu Jun 22 21:26:22 +0000 2017,@NPRWeekend #FennTreasure @ForrestFenn Seeking Adventure &amp; Gold? Crack Poem &amp; Head Outdoors https://t.co/PFgMstKbkE https://t.co/k2Ov9mjWr9,147
Thu Jun 22 21:21:56 +0000 2017,@NPRWeekend #FennTreasure @ForrestFenn Seeking Adventure &amp; Gold? Crack Poem &amp; Head Outdoors https://t.co/PFgMstKbkE https://t.co/k2Ov9mjWr9,147
Thu Jun 22 21:20:21 +0000 2017,@NPRWeekend #FennTreasure @ForrestFenn Seeking Adventure &amp; Gold? Crack Poem &amp; Head Outdoors https://t.co/PFgMstKbkE https://t.co/k2Ov9mjWr9,147
Thu Jun 22 21:19:11 +0000 2017,@NPRWeekend #FennTreasure @ForrestFenn Seeking Adventure &amp; Gold? Crack Poem &amp; Head Outdoors https://t.co/PFgMstKbkE https://t.co/k2Ov9mjWr9,147
Thu Jun 22 21:18:50 +0000 2017,@NPRWeekend #FennTreasure @ForrestFenn Seeking Adventure &amp; Gold? Crack Poem &amp; Head Outdoors https://t.co/PFgMstKbkE https://t.co/k2Ov9mjWr9,147
Thu Jun 22 21:14:27 +0000 2017,@NPRWeekend #FennTreasure @ForrestFenn Seeking Adventure &amp; Gold? Crack Poem &amp; Head Outdoors https://t.co/PFgMstKbkE https://t.co/k2Ov9mjWr9,147
Thu Jun 22 21:08:34 +0000 2017,@NPRWeekend #FennTreasure @ForrestFenn Seeking Adventure &amp; Gold? Crack Poem &amp; Head Outdoors https://t.co/PFgMstKbkE https://t.co/k2Ov9mjWr9,147
Thu Jun 22 21:02:24 +0000 2017,Week in Review (Video)  June 22  2017 - #Gold Market Review https://t.co/oGPVMId9F5,0
Thu Jun 22 20:59:27 +0000 2017,@NPRWeekend #FennTreasure @ForrestFenn Seeking Adventure &amp; Gold? Crack Poem &amp; Head Outdoors https://t.co/PFgMstKbkE https://t.co/k2Ov9mjWr9,147
Thu Jun 22 20:57:58 +0000 2017,@NPRWeekend #FennTreasure @ForrestFenn Seeking Adventure &amp; Gold? Crack Poem &amp; Head Outdoors https://t.co/PFgMstKbkE https://t.co/k2Ov9mjWr9,147
Thu Jun 22 20:54:46 +0000 2017,@NPRWeekend #FennTreasure @ForrestFenn Seeking Adventure &amp; Gold? Crack Poem &amp; Head Outdoors https://t.co/PFgMstKbkE https://t.co/k2Ov9mjWr9,147
Thu Jun 22 20:52:04 +0000 2017,@NPRWeekend #FennTreasure @ForrestFenn Seeking Adventure &amp; Gold? Crack Poem &amp; Head Outdoors https://t.co/PFgMstKbkE https://t.co/k2Ov9mjWr9,147
Thu Jun 22 20:50:29 +0000 2017,@NPRWeekend #FennTreasure @ForrestFenn Seeking Adventure &amp; Gold? Crack Poem &amp; Head Outdoors https://t.co/PFgMstKbkE https://t.co/k2Ov9mjWr9,147
Thu Jun 22 20:44:09 +0000 2017,@NPRWeekend #FennTreasure @ForrestFenn Seeking Adventure &amp; Gold? Crack Poem &amp; Head Outdoors https://t.co/PFgMstKbkE https://t.co/k2Ov9mjWr9,147
Thu Jun 22 20:37:31 +0000 2017,@NPRWeekend #FennTreasure @ForrestFenn Seeking Adventure &amp; Gold? Crack Poem &amp; Head Outdoors https://t.co/PFgMstKbkE https://t.co/k2Ov9mjWr9,147
Thu Jun 22 20:37:24 +0000 2017,@NPRWeekend #FennTreasure @ForrestFenn Seeking Adventure &amp; Gold? Crack Poem &amp; Head Outdoors https://t.co/PFgMstKbkE https://t.co/k2Ov9mjWr9,147
Thu Jun 22 20:35:32 +0000 2017,@NPRWeekend #FennTreasure @ForrestFenn Seeking Adventure &amp; Gold? Crack Poem &amp; Head Outdoors https://t.co/PFgMstKbkE https://t.co/k2Ov9mjWr9,147
Thu Jun 22 20:34:52 +0000 2017,@NPRWeekend #FennTreasure @ForrestFenn Seeking Adventure &amp; Gold? Crack Poem &amp; Head Outdoors https://t.co/PFgMstKbkE https://t.co/k2Ov9mjWr9,147
Thu Jun 22 20:34:29 +0000 2017,@NPRWeekend #FennTreasure @ForrestFenn Seeking Adventure &amp; Gold? Crack Poem &amp; Head Outdoors https://t.co/PFgMstKbkE https://t.co/k2Ov9mjWr9,147
Thu Jun 22 20:34:02 +0000 2017,@NPRWeekend #FennTreasure @ForrestFenn Seeking Adventure &amp; Gold? Crack Poem &amp; Head Outdoors https://t.co/PFgMstKbkE https://t.co/k2Ov9mjWr9,147
Thu Jun 22 20:33:09 +0000 2017,@NPRWeekend #FennTreasure @ForrestFenn Seeking Adventure &amp; Gold? Crack Poem &amp; Head Outdoors https://t.co/PFgMstKbkE https://t.co/k2Ov9mjWr9,147
Thu Jun 22 20:07:21 +0000 2017,Bright white is punctuated with grey  black  gold  and silver in this S.CA kitchen by #SavvyInteriors.â€¦ https://t.co/Vfh2lk9rIL,1
Thu Jun 22 20:05:10 +0000 2017,@joshuadun gold and white,0
Thu Jun 22 19:51:27 +0000 2017,@wereael ouch :c i was lucky enough to get unite the murlocs &amp; kalimos  and then got gold lyra about two weeks later,0
Thu Jun 22 19:49:40 +0000 2017,My guide to #Bikepacking the Clutha Gold &amp; Roxburgh Gorge in @PureNewZealand https://t.co/bP1FgXgCuW @iamspecialized @bikepackingcom,2
Thu Jun 22 19:46:32 +0000 2017,@RayQuayZa 32 pages of gold u get ready,0
Thu Jun 22 19:46:05 +0000 2017,Whatâ€™s more fun than growing small business gold? Ken Lain has a â€˜greenâ€™ thumb for plants &amp; profitsâ€¦ https://t.co/hT5phfc6se,0
Thu Jun 22 19:45:46 +0000 2017,Gold and glam! âœ¨Feat. my @MorpheBrushes 35R! #Morphe #MorpheXJaclynHill https://t.co/AHGMjGJkym,0
Thu Jun 22 19:30:00 +0000 2017,EPA: #GoldKingMine sediments no longer in rivers https://t.co/hObYpwtQEj via @TheDailyTimes #AnimasRiver,2
Thu Jun 22 19:24:51 +0000 2017,EPA: #GoldKingMine sediments no longer in rivers https://t.co/hObYpwtQEj via @TheDailyTimes #AnimasRiver,2
Thu Jun 22 19:21:35 +0000 2017,EPA: #GoldKingMine sediments no longer in rivers https://t.co/hObYpwtQEj via @TheDailyTimes #AnimasRiver,2
Thu Jun 22 19:06:22 +0000 2017,@_Xyzeon_ Gold afternoon,0
Thu Jun 22 19:05:05 +0000 2017,Fuckin leprechaun's gold over here. @CRxConcentrates Green Princess (Green Crack + Cinderella 99â€¦ https://t.co/e6TiMBmddA,0
Thu Jun 22 19:03:23 +0000 2017,I just added this to my closet on Poshmark: Boutique 9 Emlyn Ankle Boot Black &amp; Gold. https://t.co/4noUNcatkG via @poshmarkapp #shopmycloset,0
Thu Jun 22 19:01:31 +0000 2017,#GoBreck for #SearchCon! There is more to do @Breck than just #Ski  check out the Gold Run Alpine Coaster: https://t.co/sXbQFqTMi0,0
Thu Jun 22 18:57:30 +0000 2017,Please let Lonzo fall to the Knicks! The Phil Jackson vs Lavar Ball dynamic would be comedy gold! https://t.co/qinjPxk96q,0
Thu Jun 22 18:39:02 +0000 2017,Blue sandstone shimmers like the night sky on our Deep Space Bracelet! https://t.co/uyf6hOvZik #astronomyâ€¦ https://t.co/kGCUfBd0HM,0
Thu Jun 22 18:30:22 +0000 2017,#loving this YL #essentialoils blend called Egyptian Gold #Amazing #aroma  #diffusing on this bracelet made byâ€¦ https://t.co/6OHq5xtsHA,0
Thu Jun 22 17:46:14 +0000 2017,The 300 gallon-per-minute discharge is equal to a Gold King Mine disaster every week. https://t.co/w8p4GSw0Zg,14
Thu Jun 22 17:43:08 +0000 2017,Fungal Gold: Bianchetto #truffles retail for $500-a-pound. Nancyâ€™s figured out how to grow them acre after acreâ€¦ https://t.co/dRLOOrsqeG,0
Thu Jun 22 17:13:47 +0000 2017,@_deniseale A rose gold(: https://t.co/EXMyIjZXeb,0
Thu Jun 22 16:52:26 +0000 2017,#Bitcoin Chart Puts It Into Perspective https://t.co/idDHIKWQYy via @aceloew #gold #silver $USD #stocks $aapl $amzn #ethereum #crypto #Fed,0
Thu Jun 22 16:15:48 +0000 2017,I just added this to my closet on Poshmark: Boutique 9 Emlyn Ankle Boot Black &amp; Gold. https://t.co/4noUNbSRW6 via @poshmarkapp #shopmycloset,0
Thu Jun 22 16:03:17 +0000 2017,I added a video to a @YouTube playlist https://t.co/XVyDhnkxJy Gold Loot box - Overwatch,0
Thu Jun 22 16:03:14 +0000 2017,Gold Loot box - Overwatch: https://t.co/XVyDhnkxJy via @YouTube,0
Thu Jun 22 15:41:10 +0000 2017,Cars are made of more than 30 #mineral commodities  including #gold  titanium  #copper  zinc &amp; #platinum. Learn morâ€¦ https://t.co/JzJOO7J49c,1
Thu Jun 22 15:33:31 +0000 2017,In #RoyalAscot Gold Cup as in the US elections  Big Orange holds off the favorite for an exceedingly close win.,0
Thu Jun 22 15:32:41 +0000 2017,@CheReal85 @Hugh2D2 @SuzanneKelleher @Hadas_Gold @MSNBC @amjoyshow They have added right-wingers like Greta  Nicoleâ€¦ https://t.co/7mgKRBXuSV,1
Thu Jun 22 15:31:39 +0000 2017,Don't mess with mom's liquid gold! https://t.co/CKaALWj1TN,1
Thu Jun 22 15:18:33 +0000 2017,The 300 gallon-per-minute discharge is equal to a Gold King Mine disaster every week. https://t.co/w8p4GSw0Zg,14
Thu Jun 22 15:16:55 +0000 2017,The 300 gallon-per-minute discharge is equal to a Gold King Mine disaster every week. https://t.co/w8p4GSw0Zg,14
Thu Jun 22 15:09:54 +0000 2017,@kylegriffin1 Is he gold-plating everything?,0
Thu Jun 22 15:07:45 +0000 2017,Wednesday  June 28 is Bike To Work Day! Free breakfast station from 6:30-9am  giveaways &amp; an after party at Gold Spâ€¦ https://t.co/NLFdV2N78A,0
Thu Jun 22 15:05:55 +0000 2017,Fantastic news that the University of Concrete Hope has been awarded a Gold ranking in the TEF! Congrats to the VCâ€¦ https://t.co/Sgq6MnqILh,1
Thu Jun 22 15:05:19 +0000 2017,Cars are made of more than 30 #mineral commodities  including #gold  titanium  #copper  zinc &amp; #platinum. Learn morâ€¦ https://t.co/JzJOO7J49c,1
Thu Jun 22 15:01:31 +0000 2017,"It's not all about the Team  It's about the LOGO." https://t.co/CvD7Yx0Gi4 Silver and gold: Raiders' Carr gets... https://t.co/HEyCP0JrCQ,0
Thu Jun 22 14:43:49 +0000 2017,@thehill Gold toilet?,0
