Sun Dec 16 21:14:58 +0000 2018,https://t.co/IBIh3Xb4yD launching in two days. Register today and start getting your KYC done! #cryptocurrencies… https://t.co/KnAGUsF5C9,0
Sun Dec 16 16:13:30 +0000 2018,$ETH not doing so well  after poping up above $200 USD. There has been some good newflow regarding the #ethereum ne… https://t.co/Ds3n3tzC5J,248
Sun Dec 16 15:54:46 +0000 2018,#Bitcoin update. Taking a bit of a breather here. Still in the same boring range  but we do have some movement in E… https://t.co/C6G3LJuLR6,229
Sun Dec 16 15:40:34 +0000 2018,Did you ever wonder what the whales are doing in a given #Crypto? Learn how you can analyze the #Ethereum… https://t.co/ET7OgSM55i,248
Sun Dec 16 14:57:13 +0000 2018,@chintanmajithia Privacy coins are worthless longterm. None that I have seen can scale either. Less than 5% of tran… https://t.co/zgCtTpP2Kq,0
Sun Dec 16 14:55:05 +0000 2018,$ETH not doing so well  after poping up above $200 USD. There has been some good newflow regarding the #ethereum ne… https://t.co/Ds3n3tzC5J,248
Sun Dec 16 14:43:43 +0000 2018,The faster Ethereum switches to POS the better off Crypto will be as whole  since 80% of tokens out there are runni… https://t.co/ZPHs3FGbOL,1
Sun Dec 16 14:16:00 +0000 2018,The faster Ethereum switches to POS the better off Crypto will be as whole  since 80% of tokens out there are runni… https://t.co/ZPHs3FGbOL,1
Sun Dec 16 13:48:46 +0000 2018,Daily #crypto update. Biggest #cryptocurrency movers in past 24h and #Bitcoin #ETH volume analysis #marketcap https://t.co/xNXNzGXwt8,0
Sun Dec 16 12:54:22 +0000 2018,#Bitcoin update. Taking a bit of a breather here. Still in the same boring range  but we do have some movement in E… https://t.co/C6G3LJuLR6,229
Sun Dec 16 10:47:34 +0000 2018,$ETH not doing so well  after poping up above $200 USD. There has been some good newflow regarding the #ethereum ne… https://t.co/Ds3n3tzC5J,248
Sun Dec 16 09:52:51 +0000 2018,At least some coins are showing signs of de-coupling away from $BTC now.  Just look at CMC nothing there makes sinc… https://t.co/H3xa3RuBbK,1
Sun Dec 16 09:41:44 +0000 2018,#Bitcoin update. Taking a bit of a breather here. Still in the same boring range  but we do have some movement in E… https://t.co/C6G3LJuLR6,229
Sun Dec 16 09:41:34 +0000 2018,Did you ever wonder what the whales are doing in a given #Crypto? Learn how you can analyze the #Ethereum… https://t.co/ET7OgSM55i,248
Sun Dec 16 09:41:30 +0000 2018,$ETH not doing so well  after poping up above $200 USD. There has been some good newflow regarding the #ethereum ne… https://t.co/Ds3n3tzC5J,248
Sun Dec 16 07:04:58 +0000 2018,#Bitcoin update. Taking a bit of a breather here. Still in the same boring range  but we do have some movement in E… https://t.co/C6G3LJuLR6,229
Sun Dec 16 07:04:52 +0000 2018,Did you ever wonder what the whales are doing in a given #Crypto? Learn how you can analyze the #Ethereum… https://t.co/ET7OgSM55i,248
Sun Dec 16 07:04:49 +0000 2018,$ETH not doing so well  after poping up above $200 USD. There has been some good newflow regarding the #ethereum ne… https://t.co/Ds3n3tzC5J,248
Sun Dec 16 06:57:46 +0000 2018,#Bitcoin update. Taking a bit of a breather here. Still in the same boring range  but we do have some movement in E… https://t.co/C6G3LJuLR6,229
Sun Dec 16 06:57:40 +0000 2018,Did you ever wonder what the whales are doing in a given #Crypto? Learn how you can analyze the #Ethereum… https://t.co/ET7OgSM55i,248
Sun Dec 16 06:57:38 +0000 2018,$ETH not doing so well  after poping up above $200 USD. There has been some good newflow regarding the #ethereum ne… https://t.co/Ds3n3tzC5J,248
Sun Dec 16 06:42:00 +0000 2018,safe and good investment for the future. immediately join the sale of our tokens #ELISIA #Cryptocurrency #ETH #ICO #Blockchain,0
Sun Dec 16 03:38:25 +0000 2018,#Bitcoin update. Taking a bit of a breather here. Still in the same boring range  but we do have some movement in E… https://t.co/C6G3LJuLR6,229
Sun Dec 16 02:20:12 +0000 2018,@cameronhaleen Yeah if it successfully upgrades to Casper &amp; Sharding. That's the only big thing holding ETH back now.,0
Sun Dec 16 00:44:22 +0000 2018,Did you ever wonder what the whales are doing in a given #Crypto? Learn how you can analyze the #Ethereum… https://t.co/ET7OgSM55i,248
