Mon Jul 09 23:57:52 +0000 2018,No matter how good your heart is  eventually sooner or later you gon have to start treating people the way they treat You! üíØüíØ,1
Mon Jul 09 21:48:28 +0000 2018,#Compramos y #vendemos cualquier #criptomoneda #bitcoisn #dash al mejor precio del mercado solo #pagos por @Banesco‚Ä¶ https://t.co/5DEydK0P2L,1
Mon Jul 09 21:48:23 +0000 2018,#Compramos y #vendemos cualquier #criptomoneda #bitcoisn #dash al mejor precio del mercado solo #pagos por @Banesco‚Ä¶ https://t.co/5DEydK0P2L,1
Mon Jul 09 20:54:44 +0000 2018,Landed!  Now for our connecting flight (mad dash to the gate  I'm sure) and the last leg of our journey home.  Texa‚Ä¶ https://t.co/Ex2kQchYhO,0
Mon Jul 09 19:38:01 +0000 2018,Toda mi solidaridad con Mons. @silviojbaez y con los dem√°s sacerdotes y periodistas que fueron agredidos dentro de‚Ä¶ https://t.co/zfbzoQLJZF,345
Mon Jul 09 19:19:27 +0000 2018,Future ft. Drake - Digital Dash,0
Mon Jul 09 19:05:22 +0000 2018,Dash Continues to Pave the Way for Cryptocurrency Adoption in Venezuela  https://t.co/SjLpHeppuc,4
Mon Jul 09 18:43:24 +0000 2018,Jayda G &amp; Alexa Dash - Diva Bitch (Jayda G Get Down On Ur Knees Mix),0
Mon Jul 09 18:34:00 +0000 2018,Countless number of individuals adopting Dash in¬†numerous¬†countries¬†due  in part  to the excellent development and‚Ä¶ https://t.co/mkm78pArtG,0
Mon Jul 09 16:54:43 +0000 2018,@MentalMinx When the technique was discovered  everyone wanted to coin it. It was a mad dash for naming rights of f‚Ä¶ https://t.co/dm9tKp0YiQ,0
Mon Jul 09 16:23:00 +0000 2018,Dash Help Me's contact information   Web: https://t.co/snLR01Bp6e Mail:Help@dashhelpme.org,0
Mon Jul 09 16:10:50 +0000 2018,I go 0-100 real quick lol üòÇ then After that I‚Äôm at a cool üòé 10   ü§£,1
Mon Jul 09 15:40:07 +0000 2018,This is what a pump &amp; dump looks like  shilled heavily on censored r/ cryptocurrency. Look at the chart patterns bu‚Ä¶ https://t.co/gAdTT3cktT,0
Mon Jul 09 15:22:01 +0000 2018,Going to shill Dash again. Dash has already solved the problems Bitcoin could not. Dash Academy: What is Dash?‚Ä¶ https://t.co/89CxrJLAcD,0
Mon Jul 09 14:26:15 +0000 2018,¬øC√≥mo obtener Dash en Venezuela? Gu√≠a pr√°ctica para los interesados en la moneda digital https://t.co/brc3tWiksF,4
Mon Jul 09 12:20:53 +0000 2018,¬øC√≥mo obtener Dash en Venezuela? Gu√≠a pr√°ctica para los interesados en la moneda digital https://t.co/brc3tWiksF,4
Mon Jul 09 11:16:30 +0000 2018,¬øC√≥mo obtener Dash en Venezuela? Gu√≠a pr√°ctica para los interesados en la moneda digital https://t.co/brc3tWiksF,4
Mon Jul 09 08:15:01 +0000 2018,Dash Continues to Pave the Way for Cryptocurrency Adoption in Venezuela  https://t.co/SjLpHeppuc,4
Mon Jul 09 07:12:09 +0000 2018,New post: "Sebastian Vettel wins British Grand Prix in thrilling dash to the finish" https://t.co/plLB2J59sm,0
Mon Jul 09 07:00:11 +0000 2018,¬øC√≥mo obtener Dash en Venezuela? Gu√≠a pr√°ctica para los interesados en la moneda digital https://t.co/brc3tWiksF,4
Mon Jul 09 06:56:27 +0000 2018,Future ft. Drake - Digital Dash,0
Mon Jul 09 06:50:27 +0000 2018,¬øC√≥mo obtener Dash en Venezuela? Gu√≠a pr√°ctica para los interesados en la moneda digital https://t.co/brc3tWiksF,4
Mon Jul 09 05:44:49 +0000 2018,Dash Continues to Pave the Way for Cryptocurrency Adoption in Venezuela  https://t.co/SjLpHeppuc,4
Mon Jul 09 03:02:50 +0000 2018,Save big on ratchet belts  a backup camera that doubles as a dash cam  sports  equipment  and more.‚Ä¶,0
Mon Jul 09 02:59:49 +0000 2018,@NatuleeXo Or if not (cause sometimes they change it) try grubhub or door dash,1
Mon Jul 09 02:09:45 +0000 2018,Mi gente de Carazo  mis pensamientos est√°n con ustedes. Me duele mucho escuchar y leer lo que est√° pasando. üôèüèª #SOSNicaragua,233
Mon Jul 09 01:35:53 +0000 2018,80s mix on Dash Radio.Go to https://t.co/CE0zbOk2CL  Get the free app. Inside the 80s station.E.S.T. Friday-8pm 12a‚Ä¶ https://t.co/ZiogkWrtCh,0
Mon Jul 09 01:34:44 +0000 2018,House Music Mix on Dash Radio.Go to https://t.co/vr6CMT2dMm and download the free app. STATIONS TIMES- E.S.T. Frida‚Ä¶ https://t.co/V1DDFNJQed,0
Mon Jul 09 00:37:36 +0000 2018,@DanielKrawisz @miketwenty1 @derose @CollinEnstad @mikeinspace @theblackmarble Well if that were true then Bitcoin'‚Ä¶ https://t.co/9nmxtJD0K6,0
