Sun Mar 18 23:34:14 +0000 2018,#Bitcoin you sell down at these levels will likely have an OG or Institutional investment on the other side of the… https://t.co/WTHTyyYh6f,2
Sun Mar 18 23:10:41 +0000 2018,THE BIG FUTURE OF SMALL NATIONS IS NO LONGER IN THE AIR CLICK AND ENTER OUR 5 MILLION XEN TOKENS AIRDROP!… https://t.co/65qZsSXasp,1
Sun Mar 18 23:09:13 +0000 2018,THE BIG FUTURE OF SMALL NATIONS IS NO LONGER IN THE AIR CLICK AND ENTER OUR 5 MILLION XEN TOKENS AIRDROP!… https://t.co/65qZsSXasp,1
Sun Mar 18 23:01:23 +0000 2018,There are many ways to prove the ROI of customer experience (CX). Leverage these important KPIs to support investme… https://t.co/1z5xFBkQOi,0
Sun Mar 18 22:05:51 +0000 2018,@Nouriel Great point @Nouriel - HOWEVER; back in the real world  #Bitcoin is still up over 6x since this same date… https://t.co/W7LJy30Yna,2
Sun Mar 18 21:55:28 +0000 2018,Cubans off the island can be an incredible source of investment  knowledge and relationships. Much needed reconcili… https://t.co/Lvrw1lrCci,0
Sun Mar 18 21:29:46 +0000 2018,#Bitcoin you sell down at these levels will likely have an OG or Institutional investment on the other side of the… https://t.co/WTHTyyYh6f,2
Sun Mar 18 21:25:52 +0000 2018,#Bitcoin you sell down at these levels will likely have an OG or Institutional investment on the other side of the… https://t.co/WTHTyyYh6f,2
Sun Mar 18 20:57:46 +0000 2018,@CryptoC4fe At the end of the day I see this as being much more than just an investment. Something Id be willing to… https://t.co/hNb4SPLktv,0
Sun Mar 18 20:56:00 +0000 2018,We're #hiring! Read about our latest #job opening here: Private Client Investment Advisor {Coral Gables) -… https://t.co/8yHIIPhVbe,0
Sun Mar 18 20:33:37 +0000 2018,I'm confident things will go up. No need 2 get emotional. But we shouldnt invest anymore into this than it would ta… https://t.co/mW7qHYnQHT,0
Sun Mar 18 19:09:06 +0000 2018,In 2024  the transportation industry will surpass $1 trillion dollar. Owning a warehouse should be in your investme… https://t.co/BbF1tmekEE,0
Sun Mar 18 18:01:05 +0000 2018,Making smart investment decisions &amp; creating impact is no longer an either/or dilemma https://t.co/oXJIDVJanE,0
Sun Mar 18 17:10:06 +0000 2018,gorgeous seaside village unit  completely remodeled  has 2 bedrooms/2 baths and a den currently used with 2 twin be… https://t.co/Ecax4wQmzE,0
Sun Mar 18 16:00:11 +0000 2018,Survey: Small construction companies lukewarm on tech investment || #ConstructionDive || @Nohmis || Read On:… https://t.co/VJDIIifxeS,0
Sun Mar 18 15:24:07 +0000 2018,You have been granted the biggest investment opportunity ever. We are BLESSED.   1 Research the best projects 2 Slo… https://t.co/Q0xH1lZGQH,0
Sun Mar 18 14:30:07 +0000 2018,Have you seen our latest news? https://t.co/zqDhRdYcrF https://t.co/3pY6L7oozr,0
Sun Mar 18 14:20:00 +0000 2018,@JosephHHoward Could earn freelancing  for example). Say we’re aiming for a 25% margin on that investment  you woul… https://t.co/U6vr8p6Ens,0
Sun Mar 18 14:01:05 +0000 2018,Hold on to Your Pants!! ‘Everything Is on the Table’ in China Real Estate Sell Off | Find Out 》… https://t.co/5woW4rdd5l,0
Sun Mar 18 11:52:09 +0000 2018,IDG Capital targets China's consumption shift in real estate investment strategy – South China Morning Post https://t.co/evx4KUqAUl,0
Sun Mar 18 11:39:09 +0000 2018,How is India steadily moving up the ranks as a global economic power and a business magnet for investment? https://t.co/q8i0nygPTk,0
Sun Mar 18 11:07:25 +0000 2018,Investment Tips Only a Financial Planner Knows https://t.co/u1PUNMaCXf,0
Sun Mar 18 10:43:07 +0000 2018,#Rare Ford Mustang Twister Special EF4 ULTRA RARE &amp; ONLY 445 MILES  BLOWN 4.6 V8  5 SPD  SHOWROOM NEW  INVESTMENT G… https://t.co/XzBM0Wx6Sg,0
Sun Mar 18 10:13:53 +0000 2018,The project is very serious and reliable for investment. The company has    already implemented many successful pro… https://t.co/60MjtNz7Jq,0
Sun Mar 18 09:39:47 +0000 2018,#Rare 1960 Chevrolet Corvette Fuelie #S MATCH FI 283  PWR TOP  4 SP  GORGEOUS COLOR  INVESTMENT GRADE  SUPER RARE C… https://t.co/TEEvN7GJjT,0
Sun Mar 18 08:32:44 +0000 2018,#Rare 1998 Ferrari 550 RARE &amp; DESIRABLE 6SPD MANUAL  ONLY 20K MILES  CLN AUTOCHECK  GREAT INVESTMENT!: $118 995.00… https://t.co/wavtdbHfea,0
Sun Mar 18 07:06:33 +0000 2018,New York is in position to make a big investment at quarterback after swinging a deal with the Colts. https://t.co/XxkNjAmVIZ,0
Sun Mar 18 03:34:07 +0000 2018,@LAInvest @VMCBankers @ValenzuelaMayer @ItaloTorrese @jmmoratal @jcarlosaugier @ljquesada @AntonioCejuela #Paraguay… https://t.co/UHsQAFH6fH,4
Sun Mar 18 03:26:21 +0000 2018,@temesgen77 @vakeraj @paulsnx2 @peterktodd @junseth I'm a big fan of factom these days. I think that if investors h… https://t.co/WJATYPw8T1,2
Sun Mar 18 03:25:13 +0000 2018,@temesgen77 @vakeraj @paulsnx2 @peterktodd @junseth I'm a big fan of factom these days. I think that if investors h… https://t.co/WJATYPw8T1,2
Sun Mar 18 03:15:30 +0000 2018,@temesgen77 @vakeraj @paulsnx2 @peterktodd @junseth I'm a big fan of factom these days. I think that if investors h… https://t.co/WJATYPw8T1,2
Sun Mar 18 03:00:38 +0000 2018,@temesgen77 @vakeraj @paulsnx2 @peterktodd @junseth Investment is a form of gambling. Indigent investors will bear… https://t.co/c6fYGw1Lqo,0
Sun Mar 18 02:17:11 +0000 2018,Reposting @justsuminspiration2u: We're afraid of the unknown  but in reality  we should be more afraid of stepping… https://t.co/BRkAjQcu57,0
Sun Mar 18 02:00:10 +0000 2018,Easiest Way to make money online Without investment https://t.co/Tspo9Qpo8w #fitness#body#weight https://t.co/XNn1wQGDRG,1
Sun Mar 18 01:34:44 +0000 2018,Foreign investment in Miami from these key countries continues to stay strong. Realtors  foreign buyers are... https://t.co/Z9FXiE3vES,1
Sun Mar 18 01:17:15 +0000 2018,THE EVOLUTION OF ROBO-ADVISING REPORT: How automated investment products are disrupting and enhancing the wealth ma… https://t.co/B6vEBTMyZq,0
Sun Mar 18 01:07:57 +0000 2018,Boeing Investment Team Supports Drone Radar Company Fortem Technologies - https://t.co/LYKJCmd26F #GoogleAlerts,0
Sun Mar 18 00:18:18 +0000 2018,Make the most of Office 365 - Maximizing your Office 365 investment is easier said than done. Sure  you use Outlook… https://t.co/bMaMzQ06E3,0
