Sat Sep 22 23:33:14 +0000 2018,Exit Scam in Wonderland: Bitconnectâ€™s Tentacles From Texas to Gujarat  ğŸ‘‰ğŸ‘‰ https://t.co/ArsYnEFTyA   /by Marie Huillâ€¦ https://t.co/jEPp0O2K3G,0
Sat Sep 22 21:40:48 +0000 2018,Donate with Dash https://t.co/EG1OpJqWZp,0
Sat Sep 22 20:42:58 +0000 2018,We was about to dine and dash out that bitchğŸ˜‚ğŸ˜¤ https://t.co/ryypwiMewY,0
Sat Sep 22 20:23:09 +0000 2018,Programmable Money: Bitcoin Cash Community Debates Oracle Driven Upgrade  ğŸ‘‰ğŸ‘‰ https://t.co/0MM7fJGERx  /by Steven Ehâ€¦ https://t.co/0vkAjCeb0B,0
Sat Sep 22 19:23:27 +0000 2018,Programmable Money: Bitcoin Cash Community Debates Oracle Driven Upgrade  ğŸ‘‰ğŸ‘‰ https://t.co/jv8t4lb8gY  /by Jamie Redâ€¦ https://t.co/HdzPRHRpg5,0
Sat Sep 22 19:19:34 +0000 2018,SEC Orders Proceedings to Rule on ETF  Seeks Further Feedback  ğŸ‘‰ğŸ‘‰ https://t.co/9qHO4hjLxk  /by Samuel Haigâ€¦ https://t.co/lWbBggsuI6,1
Sat Sep 22 19:18:48 +0000 2018,SEC Orders Proceedings to Rule on ETF  Seeks Further Feedback  ğŸ‘‰ğŸ‘‰ https://t.co/9qHO4hjLxk  /by Samuel Haigâ€¦ https://t.co/lWbBggsuI6,1
Sat Sep 22 19:04:47 +0000 2018,7 Facts You Probably Didnâ€™t Know About Vitalik Buterin  ğŸ‘‰ğŸ‘‰ https://t.co/xj5b7AWgWi  /by ARNON  #BlockChainNews #BTCâ€¦ https://t.co/yRTsHMTsV0,0
Sat Sep 22 17:18:54 +0000 2018,Grab this  Anker dash cam for just $48  plus more great deals from around the web. https://t.co/7LAj0tss3z https://t.co/MeDEKXvKlB,0
Sat Sep 22 16:36:23 +0000 2018,Coinsquareâ€™s Investment Subsidiary Launches Two Tech-Based ETFs on TSX Exchange  ğŸ‘‰ https://t.co/aLr6aqYQHy  /by  Heâ€¦ https://t.co/uW2P3ajs4a,1
Sat Sep 22 16:33:55 +0000 2018,Coinsquareâ€™s Investment Subsidiary Launches Two Tech-Based ETFs on TSX Exchange  ğŸ‘‰ https://t.co/aLr6aqYQHy  /by  Heâ€¦ https://t.co/uW2P3ajs4a,1
Sat Sep 22 16:06:48 +0000 2018,Decentralized Crypto Exchange is Solution to Hacks  Will They be Ready?  ğŸ‘‰ğŸ‘‰ https://t.co/Uie3McpAKr  /by Joseph Youâ€¦ https://t.co/koNN3TLhlV,0
Sat Sep 22 15:51:48 +0000 2018,Crypto Market Stabilizes After $25 Billion Surge  Can Bitcoin Price Breach $6 800?  ğŸ‘‰ğŸ‘‰ https://t.co/r9bItlcJCP  /byâ€¦ https://t.co/Fu5ED5LTwP,0
Sat Sep 22 15:47:18 +0000 2018,Elizabeth Stark @starkness by @lightning rocked the stage with a presentation about the #LightningNetwork atâ€¦ https://t.co/jqXSUfi0jT,0
Sat Sep 22 15:40:38 +0000 2018,Goldman Sachs Alum's Crypto Fund Expands Even as Markets Tumble  ğŸ‘‰ğŸ‘‰ https://t.co/DWqtY6qvT5   /by Camila Russoâ€¦ https://t.co/JOgWjoaoFx,0
Sat Sep 22 15:33:16 +0000 2018,Former Point72 Manager Set to Open Crypto Hedge Fund Next Month  ğŸ‘‰ğŸ‘‰ https://t.co/kmHE57wzUy  /by Camila Russoâ€¦ https://t.co/tn3pt72tkL,0
Sat Sep 22 15:23:10 +0000 2018,Unicorns Integrate #Cryptocurrency Payments  Showing #Blockchain Is Far From Done via @forbescrypto  ğŸ‘‰ğŸ‘‰â€¦ https://t.co/V3W1e1ElPu,0
Sat Sep 22 15:17:54 +0000 2018,#Airdrops are sought out by #crypto enthuisasts but some still don't know what they are.  #Darkstreet is here to heâ€¦ https://t.co/znIlqg5bbc,11
Sat Sep 22 15:13:20 +0000 2018,Elizabeth Stark @starkness on @lightning and why Layer 2 will be the HTTP of bitcoin and blockchains is out!âš¡ï¸â€¦ https://t.co/OWpVNcm2aL,0
Sat Sep 22 14:59:49 +0000 2018,Bitcoin core developer joins forces with former Morgan Stanley executive to ask the SEC to re-evaluate the way it dâ€¦ https://t.co/H4TOi9pEAh,0
Sat Sep 22 14:39:28 +0000 2018,Crypto-Advocacy Comes Of Age As Trade Groups and Think Tanks Move On Washington  ğŸ‘‰ğŸ‘‰ https://t.co/hMkWQq2l0k  /by Aaâ€¦ https://t.co/wrM4wXyQDV,0
Sat Sep 22 14:33:27 +0000 2018,New Technologies Letting Us Battle Fake News And Look After Writers  ğŸ‘‰ğŸ‘‰ https://t.co/Gg4wH3lg7Q  /by Yoav Vilnerâ€¦ https://t.co/qfuJtZNaWj,0
Sat Sep 22 14:27:15 +0000 2018,Custodial Solutions Are Latest Innovation In Cryptocurrency Ecosystem As Seen By Coinbase And Others  ğŸ‘‰ğŸ‘‰â€¦ https://t.co/lIeeRmb8U4,0
Sat Sep 22 14:21:40 +0000 2018,Satoshi Labs announces on a special discount for the Trezor One ğŸ‘‰ğŸ‘‰ https://t.co/90xy0pYg2v  /by  Mandy Williamsâ€¦ https://t.co/1sykHje1c5,0
Sat Sep 22 14:01:32 +0000 2018,Billionaire Novogratz: Impossible For Bitcoin Not to Hit $10 000 by This Year ğŸ‘‰ğŸ‘‰ https://t.co/lpbeCAUDwN  /by Nickâ€¦ https://t.co/nZyTl4RlF6,0
Sat Sep 22 13:49:08 +0000 2018,Crypto Exchanges Donâ€™t Need Licenses in Colorado For Fiat  Positive Development  ğŸ‘‰ğŸ‘‰ https://t.co/ZPoLNtZ9oj  /by Alâ€¦ https://t.co/pjF1sBOE3u,0
Sat Sep 22 13:42:59 +0000 2018,Ethereum Regains #2 Spot Surpassing Ripple  Wild Volatility as Market Recovers ğŸ‘‰ğŸ‘‰ https://t.co/Yaehe10sWy  /by RICKâ€¦ https://t.co/ZMUlZp8J8E,0
Sat Sep 22 13:29:12 +0000 2018,The Baltic Honeybadger 2018 live broadcast  Here is the live stream for #bh2018 conf by @hodlhodl in #Riga #Latvia.â€¦ https://t.co/Xq6Wo7hJsS,0
Sat Sep 22 13:25:09 +0000 2018,#VoiceofBlockchain2018  we had the opportunity to sit with Tone Vays and talk about why he believes #Bitcoin reignsâ€¦ https://t.co/bJWGfVtsMT,0
Sat Sep 22 13:10:29 +0000 2018,Ripple is surging today. Here's what @novogratz says about the move. $XRP  #BlockChainNews #BTC #BCH #LTC #ETH #XLMâ€¦ https://t.co/GbYWtX7Int,0
Sat Sep 22 13:09:35 +0000 2018,Hedge fund titan @novogratz tells how he got short Tilray. $TLRY  #BlockChainNews #BTC #BCH #LTC #ETH #XLM #EOSâ€¦ https://t.co/d4Rph1O5Dz,0
Sat Sep 22 13:08:33 +0000 2018,Here's where @novogratz sees #bitcoin by the end of the year.  #BlockChainNews #BTC #BCH #LTC #ETH #XLM #EOS #ADAâ€¦ https://t.co/LUSFcOJBrE,0
Sat Sep 22 11:08:47 +0000 2018,Stacey Dash on Twitter https://t.co/vZ6kdPVCMB,0
Sat Sep 22 07:12:13 +0000 2018,@RealDennisWill You know who doesn't give a damn? #Bitcoin  I am still not sure why the Conservative speakers thatâ€¦ https://t.co/Qb1MnXjNHf,2
Sat Sep 22 07:06:17 +0000 2018,@RealDennisWill You know who doesn't give a damn? #Bitcoin  I am still not sure why the Conservative speakers thatâ€¦ https://t.co/Qb1MnXjNHf,2
Sat Sep 22 07:01:32 +0000 2018,@Rev1914Ken1 @PrisonPlanet #Bitcoin #Litecoin #Dash #Digibyte  Time to embrace the world of #Cryptocurrencies  Stopâ€¦ https://t.co/CoEAC4mtSj,0
Sat Sep 22 06:50:05 +0000 2018,@RealDennisWill You know who doesn't give a damn? #Bitcoin  I am still not sure why the Conservative speakers thatâ€¦ https://t.co/Qb1MnXjNHf,2
Sat Sep 22 04:12:06 +0000 2018,@breakfastclubam @djenvy @angelayee She know she witha duck. Refer to dame dash interview about being a boss! Thank you,0
Sat Sep 22 04:07:49 +0000 2018,@RealMattCouch Cryptocurrencies are the best way for you bypass corporate owned middle men. Dash  Litecoin  Digibytâ€¦ https://t.co/EMbdXgD145,0
Sat Sep 22 02:23:00 +0000 2018,The Latest Bitcoin Bug Was So Bad  Developers Kept Its Full Details a Secret ğŸ‘‰ğŸ‘‰ https://t.co/PdFRAo04Hv  /by Alyssaâ€¦ https://t.co/fdHAOAfehQ,0
Sat Sep 22 02:18:10 +0000 2018,South Korean Govâ€™t Pledges Support for Blockchain Startups to Facilitate Industry Growth  ğŸ‘‰ğŸ‘‰â€¦ https://t.co/fjckIBzQW7,0
Sat Sep 22 01:52:57 +0000 2018,5 Major Altcoins Already Seeing Real-World Adoption       ğŸ‘‰ https://t.co/QSzPYaPa9y  With the crypto market seemingâ€¦ https://t.co/f9RyzPH2Ds,0
Sat Sep 22 00:25:12 +0000 2018,Cryptocurrency has hit bottom  bitcoin due for renaissance: Novogratz   ğŸ‘‰ğŸ¼ğŸ‘‰ğŸ¼ https://t.co/oDgiBGgAzHâ€¦ https://t.co/DUXC4wazrw,1
Sat Sep 22 00:23:07 +0000 2018,Bitcoin (BTC) Dominance Drops to 51% as Major Altcoins Rally Altcoins have reclaimed some lost market share as BTCâ€¦ https://t.co/2AqrbNFpdH,0
Sat Sep 22 00:05:42 +0000 2018,Session number 2 is underway! Everyoneâ€™s making a mad dash for their favorite breweries. . #gabfâ€¦ https://t.co/wRejQa4iVa,0
Sat Sep 22 00:02:48 +0000 2018,Bitcoin Core Vulnerability Would Have Allowed Miners to Inflate the BTC Supply ğŸ‘‰ğŸ‘‰ https://t.co/MiSMv7SufX  /by Josiâ€¦ https://t.co/i9Wjp9ZLp8,0
