Fri Apr 13 23:25:18 +0000 2018,Crypto Week in Review: Bitcoin  Ethereum  Ripple  Bitcoin Cash and Litecoin Experience Solid Price Bursts‚Ä¶ https://t.co/u6urca8mZ3,0
Fri Apr 13 20:50:04 +0000 2018,@recon_Jake @theliteschool @TheRealBHuggins @CryptOwenWilson @DaddyCool1991 @cryptorecruitr @johnkim77 @proofofhat‚Ä¶ https://t.co/Obi7r745GJ,0
Fri Apr 13 18:55:33 +0000 2018,I put together a list of beginner's guide articles I've written on various cryptoassets. The ones I've covered so f‚Ä¶ https://t.co/8tTTuwebXG,2249
Fri Apr 13 17:37:38 +0000 2018,1st EVER #Cryptocurrency #Software &gt;&gt; https://t.co/rSweDmz85b #bitcoin #bitcoins #bitcoinmining #cryptocurrencies‚Ä¶ https://t.co/hlu9eckRHf,0
Fri Apr 13 17:13:46 +0000 2018,@Beryllium9 I can tell you how many dollars something is  or I can tell you how many litecoin something is... but a‚Ä¶ https://t.co/uUTzh0hKeK,0
Fri Apr 13 17:12:15 +0000 2018,Win Monero without telegram  ü§ñ New! üëâhttps://t.co/YbEV1M5PLP  Win Bitcoin without telegram ü§ñ üëâ‚Ä¶ https://t.co/Cnn5cYf3Hi,0
Fri Apr 13 16:36:25 +0000 2018,#AtomicSwaps are here; https://t.co/jJCLhuyzmp  #LitecoinFam #LITECOIN #bitcoin #Ethereum #CryptoTaxes2018 https://t.co/Llyw6BRjYW,9
Fri Apr 13 15:11:39 +0000 2018,#litecoin  Nice uptrend on the 2 day chart now in play.  Supportive of further upside.  #crypto #cryptocurrency‚Ä¶ https://t.co/3hPFfCSaVH,0
Fri Apr 13 15:05:50 +0000 2018,One More Way to Buy Litecoin Via Bank Transfer and Credit card On April 13 Spanish company Bit2Me added the possibi‚Ä¶ https://t.co/RDT6CfUQmq,2
Fri Apr 13 14:58:38 +0000 2018,One More Way to Buy Litecoin Via Bank Transfer and Credit card On April 13 Spanish company Bit2Me added the possibi‚Ä¶ https://t.co/RDT6CfUQmq,2
Fri Apr 13 14:51:39 +0000 2018,One More Way to Buy Litecoin Via Bank Transfer and Credit card On April 13 Spanish company Bit2Me added the possibi‚Ä¶ https://t.co/RDT6CfUQmq,2
Fri Apr 13 14:42:18 +0000 2018,Litecoin $LTC is valued at: $129.89   We verified that Binance is accepting new users! üòç üôå    ‚û°Ô∏è‚Ä¶ https://t.co/YnlLSLSspE,0
Fri Apr 13 13:30:33 +0000 2018,The fear continues....  Crypto Fear and Greed Index... what emotion is driving the market today?...... EXTREME FEAR‚Ä¶ https://t.co/6h0ILYBdFc,0
Fri Apr 13 12:45:30 +0000 2018,TenXÁ§æ„ÅåLitecoin„É©„Ç§„Éà„Ç≥„Ç§„É≥„ÇíÂà©Áî®„Åó„Åü„Éá„Éì„ÉÉ„Éà„Ç´„Éº„Éâ„Çí„É™„É™„Éº„Çπ„Å∏TenX„Ç¶„Ç©„É¨„ÉÉ„Éà„Åß„ÅØÊó¢„Å´„É©„Ç§„Éà„Ç≥„Ç§„É≥„ÅÆ„Çµ„Éù„Éº„Éà„ÇíÈñãÂßã  CoinOnline„Ç≥„Ç§„É≥„Ç™„É≥„É©„Ç§„É≥ https://t.co/OHQJGma6Nx,0
Fri Apr 13 12:11:15 +0000 2018,Litecoin $LTC is valued at: $131.21   Binance registration is ONLINE! We JUST checked! ü§î üöÄ    ‚û°Ô∏è‚Ä¶ https://t.co/4w2vijQRba,0
Fri Apr 13 12:06:39 +0000 2018,.@billbarhydt demos @AbraGlobal 1st global wallet to buy/store/invest 20 crypto &amp; 50 fiat currencies &amp; why Bitcoin‚Ä¶ https://t.co/5YmZzXAJJn,25
Fri Apr 13 09:15:02 +0000 2018,@SatoshiLite happy birthday Charlie (and happy half birthday Litecoin!),0
Fri Apr 13 09:01:47 +0000 2018,Litecoin Price Analysis: LTC/USD Zooms Above Key Resistance - Ethereum World News #ethereum https://t.co/ilFy9DqDq9,0
Fri Apr 13 09:01:47 +0000 2018,CRYPTO INSIDER: Mining ethereum is about to get a lot cheaper | Markets Insider #crypto https://t.co/ylJd7LFY8v,0
Fri Apr 13 09:01:02 +0000 2018,I put together a list of beginner's guide articles I've written on various cryptoassets. The ones I've covered so f‚Ä¶ https://t.co/8tTTuwebXG,2249
Fri Apr 13 04:46:57 +0000 2018,#AtomicSwaps are here; https://t.co/jJCLhuyzmp  #LitecoinFam #LITECOIN #bitcoin #Ethereum #CryptoTaxes2018 https://t.co/Llyw6BRjYW,9
Fri Apr 13 03:00:36 +0000 2018,Forbes disregards Bcash entirely. They are looking at LTC  BTC  ETH  and XRP "top players" for next bull wave.  https://t.co/NhWEcmCDcu,18
Fri Apr 13 00:51:06 +0000 2018,Lifetime mining contract.   https://t.co/WQ2AJ3fLfy  #ICO #cryptotrading #bitcoin #ethereum #litecoin‚Ä¶ https://t.co/1Bg9bQeyRd,10
Fri Apr 13 00:45:23 +0000 2018,#AtomicSwaps are here; https://t.co/jJCLhuyzmp  #LitecoinFam #LITECOIN #bitcoin #Ethereum #CryptoTaxes2018 https://t.co/Llyw6BRjYW,9
Fri Apr 13 00:06:09 +0000 2018,Win Monero without telegram  ü§ñ New! üëâhttps://t.co/YbEV1M5PLP   Win Bitcoin without telegram ü§ñ üëâ‚Ä¶ https://t.co/dmueAvZL2F,0
