Tue Nov 27 22:07:34 +0000 2018,SEC‚Äôs Jay Clayton at #ConsensusInvest:  #Bitcoin a security? No. #Ether a security? No. #Ripple a security? No comm‚Ä¶ https://t.co/FoCmj633Ys,103
Tue Nov 27 22:06:45 +0000 2018,SEC‚Äôs Jay Clayton at #ConsensusInvest:  #Bitcoin a security? No. #Ether a security? No. #Ripple a security? No comm‚Ä¶ https://t.co/FoCmj633Ys,103
Tue Nov 27 22:06:28 +0000 2018,SEC‚Äôs Jay Clayton at #ConsensusInvest:  #Bitcoin a security? No. #Ether a security? No. #Ripple a security? No comm‚Ä¶ https://t.co/FoCmj633Ys,103
Tue Nov 27 22:05:00 +0000 2018,SEC‚Äôs Jay Clayton at #ConsensusInvest:  #Bitcoin a security? No. #Ether a security? No. #Ripple a security? No comm‚Ä¶ https://t.co/FoCmj633Ys,103
Tue Nov 27 22:04:33 +0000 2018,SEC‚Äôs Jay Clayton at #ConsensusInvest:  #Bitcoin a security? No. #Ether a security? No. #Ripple a security? No comm‚Ä¶ https://t.co/FoCmj633Ys,103
Tue Nov 27 22:04:04 +0000 2018,SEC‚Äôs Jay Clayton at #ConsensusInvest:  #Bitcoin a security? No. #Ether a security? No. #Ripple a security? No comm‚Ä¶ https://t.co/FoCmj633Ys,103
Tue Nov 27 22:03:53 +0000 2018,SEC‚Äôs Jay Clayton at #ConsensusInvest:  #Bitcoin a security? No. #Ether a security? No. #Ripple a security? No comm‚Ä¶ https://t.co/FoCmj633Ys,103
Tue Nov 27 22:03:15 +0000 2018,SEC‚Äôs Jay Clayton at #ConsensusInvest:  #Bitcoin a security? No. #Ether a security? No. #Ripple a security? No comm‚Ä¶ https://t.co/FoCmj633Ys,103
Tue Nov 27 22:00:28 +0000 2018,SEC‚Äôs Jay Clayton at #ConsensusInvest:  #Bitcoin a security? No. #Ether a security? No. #Ripple a security? No comm‚Ä¶ https://t.co/FoCmj633Ys,103
Tue Nov 27 22:00:24 +0000 2018,SEC‚Äôs Jay Clayton at #ConsensusInvest:  #Bitcoin a security? No. #Ether a security? No. #Ripple a security? No comm‚Ä¶ https://t.co/FoCmj633Ys,103
Tue Nov 27 22:00:12 +0000 2018,Bitcoin  Ripple  Ethereum  Bitcoin Cash  Stellar  EOS  Litecoin  Cardano  Monero  TRON: Price Analysis  Nov. 26‚Ä¶ https://t.co/e5xeCt9snM,0
Tue Nov 27 21:59:58 +0000 2018,SEC‚Äôs Jay Clayton at #ConsensusInvest:  #Bitcoin a security? No. #Ether a security? No. #Ripple a security? No comm‚Ä¶ https://t.co/FoCmj633Ys,103
Tue Nov 27 21:59:47 +0000 2018,SEC‚Äôs Jay Clayton at #ConsensusInvest:  #Bitcoin a security? No. #Ether a security? No. #Ripple a security? No comm‚Ä¶ https://t.co/FoCmj633Ys,103
Tue Nov 27 21:56:13 +0000 2018,SEC‚Äôs Jay Clayton at #ConsensusInvest:  #Bitcoin a security? No. #Ether a security? No. #Ripple a security? No comm‚Ä¶ https://t.co/FoCmj633Ys,103
Tue Nov 27 21:56:10 +0000 2018,SEC‚Äôs Jay Clayton at #ConsensusInvest:  #Bitcoin a security? No. #Ether a security? No. #Ripple a security? No comm‚Ä¶ https://t.co/FoCmj633Ys,103
Tue Nov 27 21:56:10 +0000 2018,SEC‚Äôs Jay Clayton at #ConsensusInvest:  #Bitcoin a security? No. #Ether a security? No. #Ripple a security? No comm‚Ä¶ https://t.co/FoCmj633Ys,103
Tue Nov 27 21:55:49 +0000 2018,SEC‚Äôs Jay Clayton at #ConsensusInvest:  #Bitcoin a security? No. #Ether a security? No. #Ripple a security? No comm‚Ä¶ https://t.co/FoCmj633Ys,103
Tue Nov 27 21:54:04 +0000 2018,SEC‚Äôs Jay Clayton at #ConsensusInvest:  #Bitcoin a security? No. #Ether a security? No. #Ripple a security? No comm‚Ä¶ https://t.co/FoCmj633Ys,103
Tue Nov 27 21:53:43 +0000 2018,SEC‚Äôs Jay Clayton at #ConsensusInvest:  #Bitcoin a security? No. #Ether a security? No. #Ripple a security? No comm‚Ä¶ https://t.co/FoCmj633Ys,103
Tue Nov 27 21:52:26 +0000 2018,SEC‚Äôs Jay Clayton at #ConsensusInvest:  #Bitcoin a security? No. #Ether a security? No. #Ripple a security? No comm‚Ä¶ https://t.co/FoCmj633Ys,103
Tue Nov 27 21:51:15 +0000 2018,SEC‚Äôs Jay Clayton at #ConsensusInvest:  #Bitcoin a security? No. #Ether a security? No. #Ripple a security? No comm‚Ä¶ https://t.co/FoCmj633Ys,103
Tue Nov 27 21:49:51 +0000 2018,@SmileyGnome @whale_alert Problem is  there's not enough of us to do a damn thing about it. In fact  we probably he‚Ä¶ https://t.co/80q9Yk3oiG,0
Tue Nov 27 21:48:40 +0000 2018,SEC‚Äôs Jay Clayton at #ConsensusInvest:  #Bitcoin a security? No. #Ether a security? No. #Ripple a security? No comm‚Ä¶ https://t.co/FoCmj633Ys,103
Tue Nov 27 21:47:56 +0000 2018,SEC‚Äôs Jay Clayton at #ConsensusInvest:  #Bitcoin a security? No. #Ether a security? No. #Ripple a security? No comm‚Ä¶ https://t.co/FoCmj633Ys,103
Tue Nov 27 21:47:08 +0000 2018,SEC‚Äôs Jay Clayton at #ConsensusInvest:  #Bitcoin a security? No. #Ether a security? No. #Ripple a security? No comm‚Ä¶ https://t.co/FoCmj633Ys,103
Tue Nov 27 21:46:53 +0000 2018,SEC‚Äôs Jay Clayton at #ConsensusInvest:  #Bitcoin a security? No. #Ether a security? No. #Ripple a security? No comm‚Ä¶ https://t.co/FoCmj633Ys,103
Tue Nov 27 21:46:22 +0000 2018,@Chaseemmert7 @MikeNardolillo @mdudas @Ripple Do you think the stock market is just theft as well? How about the Forex Markets?,0
Tue Nov 27 21:45:29 +0000 2018,@Chaseemmert7 @MikeNardolillo @mdudas @Ripple Lol  okay. Yes he‚Äôs wealthy and the POTUS. That makes it impossible f‚Ä¶ https://t.co/kAt4qoHvqN,0
Tue Nov 27 21:45:10 +0000 2018,"@Ripple ‚Äôs version 4.0 of #xCurrent has been positioned as the main rival of SWIFT  and it‚Äôs more closely integrat‚Ä¶ https://t.co/fiH8pzCUHb,17
Tue Nov 27 21:44:02 +0000 2018,@SmileyGnome @whale_alert Trump is already planning on using XRP. That's a fact. Google/Ripple won't fail. It will‚Ä¶ https://t.co/EHUk0nRxHu,0
Tue Nov 27 21:43:13 +0000 2018,@XrpMr Yeah I agree. On that SEC 'list' of things to do: (1) Decentralize validators and nodes (done) (2) Makes sur‚Ä¶ https://t.co/SE48EzzlEY,3
Tue Nov 27 21:42:55 +0000 2018,SEC‚Äôs Jay Clayton at #ConsensusInvest:  #Bitcoin a security? No. #Ether a security? No. #Ripple a security? No comm‚Ä¶ https://t.co/FoCmj633Ys,103
Tue Nov 27 21:41:51 +0000 2018,@XrpMr Yeah I agree. On that SEC 'list' of things to do: (1) Decentralize validators and nodes (done) (2) Makes sur‚Ä¶ https://t.co/SE48EzzlEY,3
Tue Nov 27 21:41:42 +0000 2018,SEC‚Äôs Jay Clayton at #ConsensusInvest:  #Bitcoin a security? No. #Ether a security? No. #Ripple a security? No comm‚Ä¶ https://t.co/FoCmj633Ys,103
Tue Nov 27 21:40:42 +0000 2018,People demanded instant payment !! @Ripple gave them instant settlement powered by #XRP !!!!!! Take a few moments t‚Ä¶ https://t.co/gTGgfj1FyT,36
Tue Nov 27 21:39:54 +0000 2018,SEC‚Äôs Jay Clayton at #ConsensusInvest:  #Bitcoin a security? No. #Ether a security? No. #Ripple a security? No comm‚Ä¶ https://t.co/FoCmj633Ys,103
Tue Nov 27 21:39:30 +0000 2018,Security token startup Securitize has raised $12.75 million in Series A funding backed by Coinbase Ventures and Rip‚Ä¶ https://t.co/yJHiEZIona,194
Tue Nov 27 21:39:10 +0000 2018,SEC‚Äôs Jay Clayton at #ConsensusInvest:  #Bitcoin a security? No. #Ether a security? No. #Ripple a security? No comm‚Ä¶ https://t.co/FoCmj633Ys,103
Tue Nov 27 21:38:41 +0000 2018,@XrpMr Yeah I agree. On that SEC 'list' of things to do: (1) Decentralize validators and nodes (done) (2) Makes sur‚Ä¶ https://t.co/SE48EzzlEY,3
Tue Nov 27 21:36:42 +0000 2018,SEC‚Äôs Jay Clayton at #ConsensusInvest:  #Bitcoin a security? No. #Ether a security? No. #Ripple a security? No comm‚Ä¶ https://t.co/FoCmj633Ys,103
Tue Nov 27 21:35:27 +0000 2018,SEC‚Äôs Jay Clayton at #ConsensusInvest:  #Bitcoin a security? No. #Ether a security? No. #Ripple a security? No comm‚Ä¶ https://t.co/FoCmj633Ys,103
Tue Nov 27 21:33:45 +0000 2018,SEC‚Äôs Jay Clayton at #ConsensusInvest:  #Bitcoin a security? No. #Ether a security? No. #Ripple a security? No comm‚Ä¶ https://t.co/FoCmj633Ys,103
Tue Nov 27 21:32:06 +0000 2018,Ripple XRP Current Price: $0 350 1 Hour: 0.41 % | 24 Hours: -1.01 % | 7 Days: -20.36 % #xrp #ripple,0
Tue Nov 27 21:31:30 +0000 2018,SEC‚Äôs Jay Clayton at #ConsensusInvest:  #Bitcoin a security? No. #Ether a security? No. #Ripple a security? No comm‚Ä¶ https://t.co/FoCmj633Ys,103
Tue Nov 27 21:31:14 +0000 2018,SEC‚Äôs Jay Clayton at #ConsensusInvest:  #Bitcoin a security? No. #Ether a security? No. #Ripple a security? No comm‚Ä¶ https://t.co/FoCmj633Ys,103
Tue Nov 27 21:31:14 +0000 2018,@mdudas @Ripple Lol...ignorance...,0
Tue Nov 27 21:27:23 +0000 2018,‚ÄúThe main trigger has been the introduction of alternative payment networks such as Ripple‚Äù  https://t.co/6U7Jbgwj4u  #xrpthestandard,4
Tue Nov 27 21:27:23 +0000 2018,SEC‚Äôs Jay Clayton at #ConsensusInvest:  #Bitcoin a security? No. #Ether a security? No. #Ripple a security? No comm‚Ä¶ https://t.co/FoCmj633Ys,103
Tue Nov 27 21:27:12 +0000 2018,SEC‚Äôs Jay Clayton at #ConsensusInvest:  #Bitcoin a security? No. #Ether a security? No. #Ripple a security? No comm‚Ä¶ https://t.co/FoCmj633Ys,103
Tue Nov 27 21:26:55 +0000 2018,SEC‚Äôs Jay Clayton at #ConsensusInvest:  #Bitcoin a security? No. #Ether a security? No. #Ripple a security? No comm‚Ä¶ https://t.co/FoCmj633Ys,103
Tue Nov 27 21:26:35 +0000 2018,SEC‚Äôs Jay Clayton at #ConsensusInvest:  #Bitcoin a security? No. #Ether a security? No. #Ripple a security? No comm‚Ä¶ https://t.co/FoCmj633Ys,103
Tue Nov 27 21:25:34 +0000 2018,People demanded instant payment !! @Ripple gave them instant settlement powered by #XRP !!!!!! Take a few moments t‚Ä¶ https://t.co/gTGgfj1FyT,36
Tue Nov 27 21:25:24 +0000 2018,Dump de Ripple em 3... 2... 1... $XRP #Ripple https://t.co/5FKb2EijlN,1
Tue Nov 27 21:25:12 +0000 2018,Ripple's XRP Way Undervalued: ‚ÄúOne of the most talked about coins  the second by market capitalization  XRP [XRP] c‚Ä¶ https://t.co/0HXc3tIvdJ,0
Tue Nov 27 21:24:40 +0000 2018,SEC‚Äôs Jay Clayton at #ConsensusInvest:  #Bitcoin a security? No. #Ether a security? No. #Ripple a security? No comm‚Ä¶ https://t.co/FoCmj633Ys,103
Tue Nov 27 21:24:09 +0000 2018,SEC‚Äôs Jay Clayton at #ConsensusInvest:  #Bitcoin a security? No. #Ether a security? No. #Ripple a security? No comm‚Ä¶ https://t.co/FoCmj633Ys,103
Tue Nov 27 21:23:09 +0000 2018,SEC‚Äôs Jay Clayton at #ConsensusInvest:  #Bitcoin a security? No. #Ether a security? No. #Ripple a security? No comm‚Ä¶ https://t.co/FoCmj633Ys,103
Tue Nov 27 21:23:00 +0000 2018,SEC‚Äôs Jay Clayton at #ConsensusInvest:  #Bitcoin a security? No. #Ether a security? No. #Ripple a security? No comm‚Ä¶ https://t.co/FoCmj633Ys,103
Tue Nov 27 21:22:58 +0000 2018,‚ÄúThe main trigger has been the introduction of alternative payment networks such as Ripple‚Äù  https://t.co/6U7Jbgwj4u  #xrpthestandard,4
Tue Nov 27 21:22:54 +0000 2018,SEC‚Äôs Jay Clayton at #ConsensusInvest:  #Bitcoin a security? No. #Ether a security? No. #Ripple a security? No comm‚Ä¶ https://t.co/FoCmj633Ys,103
Tue Nov 27 21:22:52 +0000 2018,‚ÄúThe main trigger has been the introduction of alternative payment networks such as Ripple‚Äù  https://t.co/6U7Jbgwj4u  #xrpthestandard,4
Tue Nov 27 21:22:16 +0000 2018,SEC‚Äôs Jay Clayton at #ConsensusInvest:  #Bitcoin a security? No. #Ether a security? No. #Ripple a security? No comm‚Ä¶ https://t.co/FoCmj633Ys,103
Tue Nov 27 21:22:08 +0000 2018,SEC‚Äôs Jay Clayton at #ConsensusInvest:  #Bitcoin a security? No. #Ether a security? No. #Ripple a security? No comm‚Ä¶ https://t.co/FoCmj633Ys,103
Tue Nov 27 21:22:05 +0000 2018,SEC‚Äôs Jay Clayton at #ConsensusInvest:  #Bitcoin a security? No. #Ether a security? No. #Ripple a security? No comm‚Ä¶ https://t.co/FoCmj633Ys,103
Tue Nov 27 21:21:40 +0000 2018,SEC‚Äôs Jay Clayton at #ConsensusInvest:  #Bitcoin a security? No. #Ether a security? No. #Ripple a security? No comm‚Ä¶ https://t.co/FoCmj633Ys,103
Tue Nov 27 21:21:25 +0000 2018,SEC‚Äôs Jay Clayton at #ConsensusInvest:  #Bitcoin a security? No. #Ether a security? No. #Ripple a security? No comm‚Ä¶ https://t.co/FoCmj633Ys,103
Tue Nov 27 21:20:35 +0000 2018,SEC‚Äôs Jay Clayton at #ConsensusInvest:  #Bitcoin a security? No. #Ether a security? No. #Ripple a security? No comm‚Ä¶ https://t.co/FoCmj633Ys,103
Tue Nov 27 21:20:33 +0000 2018,SEC‚Äôs Jay Clayton at #ConsensusInvest:  #Bitcoin a security? No. #Ether a security? No. #Ripple a security? No comm‚Ä¶ https://t.co/FoCmj633Ys,103
Tue Nov 27 21:19:34 +0000 2018,Ripple‚Äôs CTO  @JoelKatz  is full of üí©üí© and a coward  I gave him an easy out before dissecting the #XRParmy  Cricket‚Ä¶ https://t.co/bGc5lA96QW,6
Tue Nov 27 21:19:25 +0000 2018,I Made A Bet With Ripple's CTO  @JoelKatz: Dissecting a key (Twitter) account from the XRP Army https://t.co/uCLz1gqn0d,85
Tue Nov 27 21:19:23 +0000 2018,Dump de Ripple em 3... 2... 1... $XRP #Ripple https://t.co/5FKb2EijlN,1
Tue Nov 27 21:19:21 +0000 2018,SEC‚Äôs Jay Clayton at #ConsensusInvest:  #Bitcoin a security? No. #Ether a security? No. #Ripple a security? No comm‚Ä¶ https://t.co/FoCmj633Ys,103
Tue Nov 27 21:17:47 +0000 2018,SEC‚Äôs Jay Clayton at #ConsensusInvest:  #Bitcoin a security? No. #Ether a security? No. #Ripple a security? No comm‚Ä¶ https://t.co/FoCmj633Ys,103
Tue Nov 27 21:17:36 +0000 2018,SEC‚Äôs Jay Clayton at #ConsensusInvest:  #Bitcoin a security? No. #Ether a security? No. #Ripple a security? No comm‚Ä¶ https://t.co/FoCmj633Ys,103
Tue Nov 27 21:17:31 +0000 2018,SEC‚Äôs Jay Clayton at #ConsensusInvest:  #Bitcoin a security? No. #Ether a security? No. #Ripple a security? No comm‚Ä¶ https://t.co/FoCmj633Ys,103
Tue Nov 27 21:17:21 +0000 2018,SEC‚Äôs Jay Clayton at #ConsensusInvest:  #Bitcoin a security? No. #Ether a security? No. #Ripple a security? No comm‚Ä¶ https://t.co/FoCmj633Ys,103
Tue Nov 27 21:17:16 +0000 2018,SEC‚Äôs Jay Clayton at #ConsensusInvest:  #Bitcoin a security? No. #Ether a security? No. #Ripple a security? No comm‚Ä¶ https://t.co/FoCmj633Ys,103
Tue Nov 27 21:17:03 +0000 2018,SEC‚Äôs Jay Clayton at #ConsensusInvest:  #Bitcoin a security? No. #Ether a security? No. #Ripple a security? No comm‚Ä¶ https://t.co/FoCmj633Ys,103
Tue Nov 27 21:16:42 +0000 2018,SEC‚Äôs Jay Clayton at #ConsensusInvest:  #Bitcoin a security? No. #Ether a security? No. #Ripple a security? No comm‚Ä¶ https://t.co/FoCmj633Ys,103
Tue Nov 27 21:16:18 +0000 2018,SEC‚Äôs Jay Clayton at #ConsensusInvest:  #Bitcoin a security? No. #Ether a security? No. #Ripple a security? No comm‚Ä¶ https://t.co/FoCmj633Ys,103
Tue Nov 27 21:15:58 +0000 2018,SEC‚Äôs Jay Clayton at #ConsensusInvest:  #Bitcoin a security? No. #Ether a security? No. #Ripple a security? No comm‚Ä¶ https://t.co/FoCmj633Ys,103
Tue Nov 27 21:15:15 +0000 2018,@MikeNardolillo @Chaseemmert7 @mdudas @Ripple He basically sounds like an Angry Trump looking to blame everything a‚Ä¶ https://t.co/5D47bZwKHF,0
Tue Nov 27 21:15:09 +0000 2018,SEC‚Äôs Jay Clayton at #ConsensusInvest:  #Bitcoin a security? No. #Ether a security? No. #Ripple a security? No comm‚Ä¶ https://t.co/FoCmj633Ys,103
Tue Nov 27 21:14:42 +0000 2018,@Tom_Baetens It would be great for @Ripple to decentralize $XRP‚Äôs functioning/issuance/governance to a similar degr‚Ä¶ https://t.co/KDHbXL1GhS,0
Tue Nov 27 21:14:29 +0000 2018,SEC‚Äôs Jay Clayton at #ConsensusInvest:  #Bitcoin a security? No. #Ether a security? No. #Ripple a security? No comm‚Ä¶ https://t.co/FoCmj633Ys,103
Tue Nov 27 21:13:19 +0000 2018,Security token startup Securitize has raised $12.75 million in Series A funding backed by Coinbase Ventures and Rip‚Ä¶ https://t.co/yJHiEZIona,194
Tue Nov 27 21:12:58 +0000 2018,SEC‚Äôs Jay Clayton at #ConsensusInvest:  #Bitcoin a security? No. #Ether a security? No. #Ripple a security? No comm‚Ä¶ https://t.co/FoCmj633Ys,103
Tue Nov 27 21:12:52 +0000 2018,@Chaseemmert7 @MikeNardolillo @mdudas @Ripple I‚Äôm not crypto rich  I‚Äôm just successful at my occupation.,0
Tue Nov 27 21:12:51 +0000 2018,Here are 400+ XRP Army sockpuppet accounts which have appeared in tweets with @cz_binance in the past week (all con‚Ä¶ https://t.co/VBZk29F8OC,3
Tue Nov 27 21:12:18 +0000 2018,@AddName @xrp_news @Ripple_XRP1 So again  where is this announcement source bc I can‚Äôt seem to find it.,0
Tue Nov 27 21:11:53 +0000 2018,‚ÄúThe main trigger has been the introduction of alternative payment networks such as Ripple‚Äù  https://t.co/6U7Jbgwj4u  #xrpthestandard,4
Tue Nov 27 21:11:30 +0000 2018,@Chaseemmert7 @MikeNardolillo @mdudas @Ripple Are you just completely oblivious to how markets work?,0
Tue Nov 27 21:11:08 +0000 2018,‚ÄúThe main trigger has been the introduction of alternative payment networks such as Ripple‚Äù  https://t.co/6U7Jbgwj4u  #xrpthestandard,4
Tue Nov 27 21:11:07 +0000 2018,SEC‚Äôs Jay Clayton at #ConsensusInvest:  #Bitcoin a security? No. #Ether a security? No. #Ripple a security? No comm‚Ä¶ https://t.co/FoCmj633Ys,103
Tue Nov 27 21:10:42 +0000 2018,SEC‚Äôs Jay Clayton at #ConsensusInvest:  #Bitcoin a security? No. #Ether a security? No. #Ripple a security? No comm‚Ä¶ https://t.co/FoCmj633Ys,103
Tue Nov 27 21:10:09 +0000 2018,SEC‚Äôs Jay Clayton at #ConsensusInvest:  #Bitcoin a security? No. #Ether a security? No. #Ripple a security? No comm‚Ä¶ https://t.co/FoCmj633Ys,103
Tue Nov 27 21:09:33 +0000 2018,SEC‚Äôs Jay Clayton at #ConsensusInvest:  #Bitcoin a security? No. #Ether a security? No. #Ripple a security? No comm‚Ä¶ https://t.co/FoCmj633Ys,103
Tue Nov 27 21:09:00 +0000 2018,SEC‚Äôs Jay Clayton at #ConsensusInvest:  #Bitcoin a security? No. #Ether a security? No. #Ripple a security? No comm‚Ä¶ https://t.co/FoCmj633Ys,103
Tue Nov 27 21:08:19 +0000 2018,SEC‚Äôs Jay Clayton at #ConsensusInvest:  #Bitcoin a security? No. #Ether a security? No. #Ripple a security? No comm‚Ä¶ https://t.co/FoCmj633Ys,103
Tue Nov 27 21:08:08 +0000 2018,SEC‚Äôs Jay Clayton at #ConsensusInvest:  #Bitcoin a security? No. #Ether a security? No. #Ripple a security? No comm‚Ä¶ https://t.co/FoCmj633Ys,103
Tue Nov 27 21:07:48 +0000 2018,SEC‚Äôs Jay Clayton at #ConsensusInvest:  #Bitcoin a security? No. #Ether a security? No. #Ripple a security? No comm‚Ä¶ https://t.co/FoCmj633Ys,103
Tue Nov 27 21:07:32 +0000 2018,SEC‚Äôs Jay Clayton at #ConsensusInvest:  #Bitcoin a security? No. #Ether a security? No. #Ripple a security? No comm‚Ä¶ https://t.co/FoCmj633Ys,103
Tue Nov 27 21:07:18 +0000 2018,SEC‚Äôs Jay Clayton at #ConsensusInvest:  #Bitcoin a security? No. #Ether a security? No. #Ripple a security? No comm‚Ä¶ https://t.co/FoCmj633Ys,103
Tue Nov 27 21:07:00 +0000 2018,SEC‚Äôs Jay Clayton at #ConsensusInvest:  #Bitcoin a security? No. #Ether a security? No. #Ripple a security? No comm‚Ä¶ https://t.co/FoCmj633Ys,103
Tue Nov 27 21:06:50 +0000 2018,SEC‚Äôs Jay Clayton at #ConsensusInvest:  #Bitcoin a security? No. #Ether a security? No. #Ripple a security? No comm‚Ä¶ https://t.co/FoCmj633Ys,103
Tue Nov 27 21:06:34 +0000 2018,SEC‚Äôs Jay Clayton at #ConsensusInvest:  #Bitcoin a security? No. #Ether a security? No. #Ripple a security? No comm‚Ä¶ https://t.co/FoCmj633Ys,103
Tue Nov 27 21:06:07 +0000 2018,SEC‚Äôs Jay Clayton at #ConsensusInvest:  #Bitcoin a security? No. #Ether a security? No. #Ripple a security? No comm‚Ä¶ https://t.co/FoCmj633Ys,103
Tue Nov 27 21:05:23 +0000 2018,SEC‚Äôs Jay Clayton at #ConsensusInvest:  #Bitcoin a security? No. #Ether a security? No. #Ripple a security? No comm‚Ä¶ https://t.co/FoCmj633Ys,103
Tue Nov 27 21:05:19 +0000 2018,@BrokerCrypto ‚ÄúLooks like Ripple is moving a ton of XRP to institutions preparing to utilize their protocol. Are we‚Ä¶ https://t.co/2AUMXSNt97,0
Tue Nov 27 21:05:01 +0000 2018,SEC‚Äôs Jay Clayton at #ConsensusInvest:  #Bitcoin a security? No. #Ether a security? No. #Ripple a security? No comm‚Ä¶ https://t.co/FoCmj633Ys,103
Tue Nov 27 21:05:00 +0000 2018,SEC‚Äôs Jay Clayton at #ConsensusInvest:  #Bitcoin a security? No. #Ether a security? No. #Ripple a security? No comm‚Ä¶ https://t.co/FoCmj633Ys,103
Tue Nov 27 21:04:50 +0000 2018,SEC‚Äôs Jay Clayton at #ConsensusInvest:  #Bitcoin a security? No. #Ether a security? No. #Ripple a security? No comm‚Ä¶ https://t.co/FoCmj633Ys,103
Tue Nov 27 21:04:15 +0000 2018,SEC‚Äôs Jay Clayton at #ConsensusInvest:  #Bitcoin a security? No. #Ether a security? No. #Ripple a security? No comm‚Ä¶ https://t.co/FoCmj633Ys,103
Tue Nov 27 21:04:11 +0000 2018,SEC‚Äôs Jay Clayton at #ConsensusInvest:  #Bitcoin a security? No. #Ether a security? No. #Ripple a security? No comm‚Ä¶ https://t.co/FoCmj633Ys,103
Tue Nov 27 21:04:04 +0000 2018,SEC‚Äôs Jay Clayton at #ConsensusInvest:  #Bitcoin a security? No. #Ether a security? No. #Ripple a security? No comm‚Ä¶ https://t.co/FoCmj633Ys,103
Tue Nov 27 21:03:59 +0000 2018,SEC‚Äôs Jay Clayton at #ConsensusInvest:  #Bitcoin a security? No. #Ether a security? No. #Ripple a security? No comm‚Ä¶ https://t.co/FoCmj633Ys,103
Tue Nov 27 21:03:32 +0000 2018,SEC‚Äôs Jay Clayton at #ConsensusInvest:  #Bitcoin a security? No. #Ether a security? No. #Ripple a security? No comm‚Ä¶ https://t.co/FoCmj633Ys,103
Tue Nov 27 21:02:41 +0000 2018,SEC‚Äôs Jay Clayton at #ConsensusInvest:  #Bitcoin a security? No. #Ether a security? No. #Ripple a security? No comm‚Ä¶ https://t.co/FoCmj633Ys,103
Tue Nov 27 21:02:05 +0000 2018,SEC‚Äôs Jay Clayton at #ConsensusInvest:  #Bitcoin a security? No. #Ether a security? No. #Ripple a security? No comm‚Ä¶ https://t.co/FoCmj633Ys,103
Tue Nov 27 21:01:45 +0000 2018,SEC‚Äôs Jay Clayton at #ConsensusInvest:  #Bitcoin a security? No. #Ether a security? No. #Ripple a security? No comm‚Ä¶ https://t.co/FoCmj633Ys,103
Tue Nov 27 21:00:19 +0000 2018,SEC‚Äôs Jay Clayton at #ConsensusInvest:  #Bitcoin a security? No. #Ether a security? No. #Ripple a security? No comm‚Ä¶ https://t.co/FoCmj633Ys,103
Tue Nov 27 21:00:17 +0000 2018,SEC‚Äôs Jay Clayton at #ConsensusInvest:  #Bitcoin a security? No. #Ether a security? No. #Ripple a security? No comm‚Ä¶ https://t.co/FoCmj633Ys,103
Tue Nov 27 20:59:55 +0000 2018,SEC‚Äôs Jay Clayton at #ConsensusInvest:  #Bitcoin a security? No. #Ether a security? No. #Ripple a security? No comm‚Ä¶ https://t.co/FoCmj633Ys,103
Tue Nov 27 20:58:35 +0000 2018,SEC‚Äôs Jay Clayton at #ConsensusInvest:  #Bitcoin a security? No. #Ether a security? No. #Ripple a security? No comm‚Ä¶ https://t.co/FoCmj633Ys,103
Tue Nov 27 20:58:11 +0000 2018,SEC‚Äôs Jay Clayton at #ConsensusInvest:  #Bitcoin a security? No. #Ether a security? No. #Ripple a security? No comm‚Ä¶ https://t.co/FoCmj633Ys,103
Tue Nov 27 20:57:02 +0000 2018,SEC‚Äôs Jay Clayton at #ConsensusInvest:  #Bitcoin a security? No. #Ether a security? No. #Ripple a security? No comm‚Ä¶ https://t.co/FoCmj633Ys,103
Tue Nov 27 20:57:01 +0000 2018,SEC‚Äôs Jay Clayton at #ConsensusInvest:  #Bitcoin a security? No. #Ether a security? No. #Ripple a security? No comm‚Ä¶ https://t.co/FoCmj633Ys,103
Tue Nov 27 20:56:57 +0000 2018,SEC‚Äôs Jay Clayton at #ConsensusInvest:  #Bitcoin a security? No. #Ether a security? No. #Ripple a security? No comm‚Ä¶ https://t.co/FoCmj633Ys,103
Tue Nov 27 20:56:44 +0000 2018,@Chaseemmert7 @MikeNardolillo @mdudas @Ripple Except I‚Äôm tweeting from Nassau on a beach chair...so okay...,0
Tue Nov 27 20:55:57 +0000 2018,SEC‚Äôs Jay Clayton at #ConsensusInvest:  #Bitcoin a security? No. #Ether a security? No. #Ripple a security? No comm‚Ä¶ https://t.co/FoCmj633Ys,103
Tue Nov 27 20:55:40 +0000 2018,@cryptopus5 @kopchrome @Ripple_XRP1 You‚Äôll be holding for a long time,0
Tue Nov 27 20:55:39 +0000 2018,SEC‚Äôs Jay Clayton at #ConsensusInvest:  #Bitcoin a security? No. #Ether a security? No. #Ripple a security? No comm‚Ä¶ https://t.co/FoCmj633Ys,103
Tue Nov 27 20:53:57 +0000 2018,@AddName @xrp_news @Ripple_XRP1 Source?,0
Tue Nov 27 20:52:16 +0000 2018,@Chaseemmert7 @MikeNardolillo @mdudas @Ripple Yes I did  I‚Äôve been buying Crypto for the past 6 years.,0
Tue Nov 27 20:50:47 +0000 2018,@whale_alert Looks like Ripple is moving a ton of XRP to institutions preparing to utilize their protocol. Are we w‚Ä¶ https://t.co/ehMS8N3p1k,1
Tue Nov 27 20:48:48 +0000 2018,Glenn: ‚ÄúWhat is XRP  which runs on the ripple network?‚Äù   DAMN GLENN!!!!   (Clayton is not gonna answer this and laughs it off),1
Tue Nov 27 20:48:19 +0000 2018,@Chaseemmert7 @MikeNardolillo @mdudas @Ripple Take care of me? Again  keep talking like you think you have absolute‚Ä¶ https://t.co/frHOborkAS,0
Tue Nov 27 20:42:57 +0000 2018,@Chaseemmert7 @MikeNardolillo @mdudas @Ripple Basically your saying that there are Millions of fake votes and voter‚Ä¶ https://t.co/NE2UUYz10r,0
Tue Nov 27 20:40:59 +0000 2018,@Chaseemmert7 @MikeNardolillo @mdudas @Ripple Lol nothing you say is factual  everything you talk about is purely b‚Ä¶ https://t.co/BroQrwrSZK,0
Tue Nov 27 20:32:06 +0000 2018,Ripple XRP Current Price: $0 348 1 Hour: -0.41 % | 24 Hours: -2.37 % | 7 Days: -21.25 % #xrp #ripple,0
Tue Nov 27 20:24:10 +0000 2018,@whale_alert Looks like Ripple is moving a ton of XRP to institutions preparing to utilize their protocol. Are we w‚Ä¶ https://t.co/ehMS8N3p1k,1
Tue Nov 27 20:18:03 +0000 2018,@digitalassetbuy @Ripple So if all of XRP supply is circulating. That puts XRP at an $800 price..,0
Tue Nov 27 20:07:16 +0000 2018,People demanded instant payment !! @Ripple gave them instant settlement powered by #XRP !!!!!! Take a few moments t‚Ä¶ https://t.co/gTGgfj1FyT,36
Tue Nov 27 20:06:29 +0000 2018,@Ripple Boƒüa ne zaman onu s√∂yleyin bo≈ü ≈üeyler demeyin lan bize üò°,0
Tue Nov 27 20:02:57 +0000 2018,People demanded instant payment !! @Ripple gave them instant settlement powered by #XRP !!!!!! Take a few moments t‚Ä¶ https://t.co/gTGgfj1FyT,36
Tue Nov 27 20:01:55 +0000 2018,Security token startup Securitize has raised $12.75 million in Series A funding backed by Coinbase Ventures and Rip‚Ä¶ https://t.co/yJHiEZIona,194
Tue Nov 27 20:00:55 +0000 2018,People demanded instant payment !! @Ripple gave them instant settlement powered by #XRP !!!!!! Take a few moments t‚Ä¶ https://t.co/gTGgfj1FyT,36
Tue Nov 27 19:59:35 +0000 2018,Security token startup Securitize has raised $12.75 million in Series A funding backed by Coinbase Ventures and Rip‚Ä¶ https://t.co/yJHiEZIona,194
Tue Nov 27 19:57:32 +0000 2018,For #GivingTuesday  here's a thread of @donorschoose classrooms I hope you'll support!  First up  just $63 left to‚Ä¶ https://t.co/lS9stwqSOG,12
Tue Nov 27 19:55:16 +0000 2018,@EiMakeChicken @HammerToe @mastershayk @Matt_Mahn1 @Rufitiruffruff XRP was never rebranded. It was always called XR‚Ä¶ https://t.co/k2EAWKyk5Y,0
Tue Nov 27 19:37:29 +0000 2018,For #GivingTuesday  here's a thread of @donorschoose classrooms I hope you'll support!  First up  just $63 left to‚Ä¶ https://t.co/lS9stwqSOG,12
Tue Nov 27 19:36:23 +0000 2018,For #GivingTuesday  here's a thread of @donorschoose classrooms I hope you'll support!  First up  just $63 left to‚Ä¶ https://t.co/lS9stwqSOG,12
Tue Nov 27 19:34:34 +0000 2018,Ditch Facebook to work at @Ripple: FANG alumni joining #crypto /DLT startups ¬†@ConsenSys #blockchain https://t.co/8yVuChjtIg,0
Tue Nov 27 19:32:05 +0000 2018,Ripple XRP Current Price: $0 349 1 Hour: 0.29 % | 24 Hours: -2.55 % | 7 Days: -21.23 % #xrp #ripple,0
Tue Nov 27 19:31:47 +0000 2018,Security token startup Securitize has raised $12.75 million in Series A funding backed by Coinbase Ventures and Rip‚Ä¶ https://t.co/yJHiEZIona,194
Tue Nov 27 19:30:24 +0000 2018,What To Do Now That Bitcoin And Ripple Are Crashing?  Do you stay away and HODL? Or you take losses and get the F o‚Ä¶ https://t.co/TT2ZfXHyBF,0
Tue Nov 27 19:17:16 +0000 2018,For #GivingTuesday  here's a thread of @donorschoose classrooms I hope you'll support!  First up  just $63 left to‚Ä¶ https://t.co/lS9stwqSOG,12
Tue Nov 27 19:14:34 +0000 2018,Here are 400+ XRP Army sockpuppet accounts which have appeared in tweets with @cz_binance in the past week (all con‚Ä¶ https://t.co/VBZk29F8OC,3
Tue Nov 27 19:13:36 +0000 2018,@postpartumny 's Lisa Mary Reilly Visioning Educational Series Event. *Limited seating. Don't delay  get your ticke‚Ä¶ https://t.co/RPO96Nhaw7,0
Tue Nov 27 19:11:49 +0000 2018,"@Ripple ‚Äôs version 4.0 of #xCurrent has been positioned as the main rival of SWIFT  and it‚Äôs more closely integrat‚Ä¶ https://t.co/fiH8pzCUHb,17
Tue Nov 27 18:57:20 +0000 2018,‚ÄúThere is a ripple effect to people learning  hearing  seeing.‚Äù Education is key in combating hate. That is why we‚Ä¶ https://t.co/1ImKO59kaG,50
Tue Nov 27 18:56:04 +0000 2018,David Schwartz of Ripple fame and XRP‚Äôs market dynamics | Source: @Coin_Report https://t.co/YkRx5WNgcS,1
Tue Nov 27 18:52:25 +0000 2018,For #GivingTuesday  here's a thread of @donorschoose classrooms I hope you'll support!  First up  just $63 left to‚Ä¶ https://t.co/lS9stwqSOG,12
Tue Nov 27 18:52:05 +0000 2018,Too Big to Fail: Is Ripple Gleaning Inspiration from its Own Customers?:  Is Ripple‚Äôs XRP too big to fail?  #Ripple‚Ä¶ https://t.co/jl57Q5xT7f,1
Tue Nov 27 18:51:59 +0000 2018,For #GivingTuesday  here's a thread of @donorschoose classrooms I hope you'll support!  First up  just $63 left to‚Ä¶ https://t.co/lS9stwqSOG,12
Tue Nov 27 18:51:51 +0000 2018,For #GivingTuesday  here's a thread of @donorschoose classrooms I hope you'll support!  First up  just $63 left to‚Ä¶ https://t.co/lS9stwqSOG,12
Tue Nov 27 18:47:53 +0000 2018,For #GivingTuesday  here's a thread of @donorschoose classrooms I hope you'll support!  First up  just $63 left to‚Ä¶ https://t.co/lS9stwqSOG,12
Tue Nov 27 18:45:08 +0000 2018,For #GivingTuesday  here's a thread of @donorschoose classrooms I hope you'll support!  First up  just $63 left to‚Ä¶ https://t.co/lS9stwqSOG,12
Tue Nov 27 18:41:31 +0000 2018,For #GivingTuesday  here's a thread of @donorschoose classrooms I hope you'll support!  First up  just $63 left to‚Ä¶ https://t.co/lS9stwqSOG,12
Tue Nov 27 18:41:00 +0000 2018,People demanded instant payment !! @Ripple gave them instant settlement powered by #XRP !!!!!! Take a few moments t‚Ä¶ https://t.co/gTGgfj1FyT,36
Tue Nov 27 18:40:14 +0000 2018,For #GivingTuesday  here's a thread of @donorschoose classrooms I hope you'll support!  First up  just $63 left to‚Ä¶ https://t.co/lS9stwqSOG,12
Tue Nov 27 18:37:51 +0000 2018,For #GivingTuesday  here's a thread of @donorschoose classrooms I hope you'll support!  First up  just $63 left to‚Ä¶ https://t.co/lS9stwqSOG,12
Tue Nov 27 18:32:05 +0000 2018,Ripple XRP Current Price: $0 349 1 Hour: -0.11 % | 24 Hours: -3.07 % | 7 Days: -21.73 % #xrp #ripple,0
Tue Nov 27 18:25:47 +0000 2018,Security token startup Securitize has raised $12.75 million in Series A funding backed by Coinbase Ventures and Rip‚Ä¶ https://t.co/yJHiEZIona,194
Tue Nov 27 17:58:49 +0000 2018,I think we reached a bottom with @Ripple for a couple of days. Good opportunity for a day or swing trade. #TradingStrategy #xrp,0
Tue Nov 27 17:56:45 +0000 2018,@LiamLightmare @WeissRatings Ripple = XRP = Ripple,0
Tue Nov 27 17:48:00 +0000 2018,Here are 400+ XRP Army sockpuppet accounts which have appeared in tweets with @cz_binance in the past week (all con‚Ä¶ https://t.co/VBZk29F8OC,3
Tue Nov 27 17:39:59 +0000 2018,@LeeR912 https://t.co/i9hNdjjiF5,0
Tue Nov 27 17:32:05 +0000 2018,Ripple XRP Current Price: $0 349 1 Hour: 0.53 % | 24 Hours: -1.55 % | 7 Days: -21.83 % #xrp #ripple,0
Tue Nov 27 17:30:24 +0000 2018,Too Big to Fail: Is Ripple Gleaning Inspiration from its Own Customers?:  Is Ripple‚Äôs XRP too big to fail?  #Ripple‚Ä¶ https://t.co/jl57Q5xT7f,1
Tue Nov 27 17:26:44 +0000 2018,@WeissRatings Right  we should privatize BItcoin...like Ripple,0
Tue Nov 27 17:10:33 +0000 2018,Ripple  Bitcoin  Ethereum and Litecoin Hit SIX Swiss Exchange #HODL5  #BTC  #Ripple https://t.co/NzRwFLM6Sx,1
Tue Nov 27 17:08:40 +0000 2018,Ripple  Bitcoin  Ethereum and Litecoin Hit SIX Swiss Exchange #HODL5  #BTC  #Ripple https://t.co/NzRwFLM6Sx,1
Tue Nov 27 17:01:42 +0000 2018,Here are 400+ XRP Army sockpuppet accounts which have appeared in tweets with @cz_binance in the past week (all con‚Ä¶ https://t.co/VBZk29F8OC,3
Tue Nov 27 16:55:13 +0000 2018,We at RIPPLE EFFECT ARTISTS are full of love!  Join us for GIVING TUESDAY TODAY!   We have a goal of raising $6000‚Ä¶ https://t.co/Q5OS12qOgS,0
Tue Nov 27 16:32:05 +0000 2018,Ripple XRP Current Price: $0 347 1 Hour: -0.11 % | 24 Hours: -1.98 % | 7 Days: -22.68 % #xrp #ripple,0
Tue Nov 27 16:31:21 +0000 2018,People demanded instant payment !! @Ripple gave them instant settlement powered by #XRP !!!!!! Take a few moments t‚Ä¶ https://t.co/gTGgfj1FyT,36
Tue Nov 27 15:52:32 +0000 2018,‚ÄúThe thing with #XRP is it‚Äôs almost like too big to fail  too far along ‚Äù Minihan told #Crypto Briefing  who went o‚Ä¶ https://t.co/hFQnBfAdm2,3
Tue Nov 27 15:42:57 +0000 2018,Ripple's new version of xCurrent offers easier integration with xRapid  the product that leverages XRP. But so far ‚Ä¶ https://t.co/uarqOTpDWU,194
Tue Nov 27 15:38:12 +0000 2018,People demanded instant payment !! @Ripple gave them instant settlement powered by #XRP !!!!!! Take a few moments t‚Ä¶ https://t.co/gTGgfj1FyT,36
Tue Nov 27 15:36:58 +0000 2018,4/ The jump from early crypto adopters to everyone else has to be thought thru. Good arguments for @Ripple to first‚Ä¶ https://t.co/1i0OFy11UM,144
Tue Nov 27 15:36:32 +0000 2018,This is a really good thread about Ripple. @mdudas persuasive here that Ripple created XRP  and that XRP bears the‚Ä¶ https://t.co/qntcJN1PeN,16
Tue Nov 27 15:32:05 +0000 2018,Ripple XRP Current Price: $0 347 1 Hour: -0.80 % | 24 Hours: -1.87 % | 7 Days: -22.82 % #xrp #ripple,0
Tue Nov 27 15:13:18 +0000 2018,I liked a @YouTube video https://t.co/vry792VkHZ Ripple XRP: We Could Certainly See +$589/XRP  But When? Let Uncle David Put Your Mind,0
Tue Nov 27 15:01:24 +0000 2018,‚ÄúAs these stories illustrate  courage has a ripple effect. Every time we choose courage  we make everyone around us‚Ä¶ https://t.co/juYeU0t0kT,1
Tue Nov 27 15:00:37 +0000 2018,People demanded instant payment !! @Ripple gave them instant settlement powered by #XRP !!!!!! Take a few moments t‚Ä¶ https://t.co/gTGgfj1FyT,36
Tue Nov 27 14:44:50 +0000 2018,‚ÄúThe thing with #XRP is it‚Äôs almost like too big to fail  too far along ‚Äù Minihan told #Crypto Briefing  who went o‚Ä¶ https://t.co/hFQnBfAdm2,3
Tue Nov 27 14:43:13 +0000 2018,People demanded instant payment !! @Ripple gave them instant settlement powered by #XRP !!!!!! Take a few moments t‚Ä¶ https://t.co/gTGgfj1FyT,36
Tue Nov 27 14:32:04 +0000 2018,Ripple XRP Current Price: $0 350 1 Hour: 0.18 % | 24 Hours: -3.30 % | 7 Days: -22.23 % #xrp #ripple,0
Tue Nov 27 14:20:09 +0000 2018,https://t.co/kYDlAoPyeb.  We at RIPPLE EFFECT ARTISTS agree! Give to our THEATRE COMPANY that CHANGES PEOPLE‚ÄôS live‚Ä¶ https://t.co/YG4tUgFSDb,0
Tue Nov 27 14:17:15 +0000 2018,While most people celebrate love during the holiday season  it is a reality for some partners to end their relation‚Ä¶ https://t.co/HuOYfO5tzR,0
Tue Nov 27 14:08:16 +0000 2018,You've got to check out American Flatbread¬Æ Pizza and Woodchuck¬Æ Hard Cider's Upgrade Your Game Day House Party eve‚Ä¶ https://t.co/ULwgr04rBa,0
Tue Nov 27 14:07:29 +0000 2018,"@Ripple ‚Äôs version 4.0 of #xCurrent has been positioned as the main rival of SWIFT  and it‚Äôs more closely integrat‚Ä¶ https://t.co/fiH8pzCUHb,17
Tue Nov 27 14:01:40 +0000 2018,Swift technology hasn't "kept up with the market " according to Ripple CEO Brad Garlinghouse https://t.co/5vc26S6nA6 via @technology,0
Tue Nov 27 13:56:42 +0000 2018,‚ÄúThe thing with #XRP is it‚Äôs almost like too big to fail  too far along ‚Äù Minihan told #Crypto Briefing  who went o‚Ä¶ https://t.co/hFQnBfAdm2,3
Tue Nov 27 13:55:20 +0000 2018,Security token startup Securitize has raised $12.75 million in Series A funding backed by Coinbase Ventures and Rip‚Ä¶ https://t.co/yJHiEZIona,194
Tue Nov 27 13:53:12 +0000 2018,Nissan Scandal To Ripple Down Supply Chain | https://t.co/m4SNIokAhu: https://t.co/n3yB8fWXcm - The fallout from an‚Ä¶ https://t.co/QE6LjeCXXn,0
Tue Nov 27 13:45:13 +0000 2018,HAPPY GIVING TUESDAY!   We at Ripple Effect Artists have a goal of raising $6000 to employee professional actors  s‚Ä¶ https://t.co/7s30hZ27hv,0
Tue Nov 27 13:43:33 +0000 2018,Security token startup Securitize has raised $12.75 million in Series A funding backed by Coinbase Ventures and Rip‚Ä¶ https://t.co/yJHiEZIona,194
Tue Nov 27 13:33:19 +0000 2018,"@Ripple ‚Äôs version 4.0 of #xCurrent has been positioned as the main rival of SWIFT  and it‚Äôs more closely integrat‚Ä¶ https://t.co/fiH8pzCUHb,17
Tue Nov 27 13:32:04 +0000 2018,Ripple XRP Current Price: $0 348 1 Hour: 0.32 % | 24 Hours: -5.19 % | 7 Days: -22.81 % #xrp #ripple,0
Tue Nov 27 13:29:30 +0000 2018,"@Ripple ‚Äôs version 4.0 of #xCurrent has been positioned as the main rival of SWIFT  and it‚Äôs more closely integrat‚Ä¶ https://t.co/fiH8pzCUHb,17
Tue Nov 27 13:26:21 +0000 2018,"the fact that volumes are so high could indicate that there was a lot of pent up demand for buying digital assets"‚Ä¶ https://t.co/UmXOxRQ7fG,36
Tue Nov 27 13:26:18 +0000 2018,Ripple is old school https://t.co/4xY6i9XDfM,0
Tue Nov 27 13:25:43 +0000 2018,In 1991  almost 20 years before Satoshi Nakamoto  Ripple's chief cryptographer  @JoelKatz  was granted this patent‚Ä¶ https://t.co/OA0RkxWu2x,246
Tue Nov 27 13:24:54 +0000 2018,@XTRA_HRDCOR_XRP @Ripple Thanks bro!!!,0
Tue Nov 27 13:23:29 +0000 2018,Security token startup Securitize has raised $12.75 million in Series A funding backed by Coinbase Ventures and Rip‚Ä¶ https://t.co/yJHiEZIona,194
Tue Nov 27 13:21:42 +0000 2018,@i_am_mr_chu @coindesk This isn‚Äôt an ‚Äúiteration of XRP‚Äù this is an investment in a real use case by Xpring  the VC‚Ä¶ https://t.co/hUwW13u7IU,2
Tue Nov 27 13:21:29 +0000 2018,Security token startup Securitize has raised $12.75 million in Series A funding backed by Coinbase Ventures and Rip‚Ä¶ https://t.co/yJHiEZIona,194
Tue Nov 27 13:20:33 +0000 2018,People demanded instant payment !! @Ripple gave them instant settlement powered by #XRP !!!!!! Take a few moments t‚Ä¶ https://t.co/gTGgfj1FyT,36
Tue Nov 27 13:17:44 +0000 2018,People demanded instant payment !! @Ripple gave them instant settlement powered by #XRP !!!!!! Take a few moments t‚Ä¶ https://t.co/gTGgfj1FyT,36
Tue Nov 27 13:09:48 +0000 2018,Security token startup Securitize has raised $12.75 million in Series A funding backed by Coinbase Ventures and Rip‚Ä¶ https://t.co/yJHiEZIona,194
Tue Nov 27 13:00:36 +0000 2018,People demanded instant payment !! @Ripple gave them instant settlement powered by #XRP !!!!!! Take a few moments t‚Ä¶ https://t.co/gTGgfj1FyT,36
Tue Nov 27 12:52:56 +0000 2018,I liked a @YouTube video https://t.co/rrKwgzoi9n Ripple XRP: Rule 589 &amp; Retail Markets,0
Tue Nov 27 12:32:11 +0000 2018,"@Ripple ‚Äôs version 4.0 of #xCurrent has been positioned as the main rival of SWIFT  and it‚Äôs more closely integrat‚Ä¶ https://t.co/fiH8pzCUHb,17
Tue Nov 27 12:32:04 +0000 2018,Ripple XRP Current Price: $0 348 1 Hour: -0.05 % | 24 Hours: -6.95 % | 7 Days: -23.39 % #xrp #ripple,0
Tue Nov 27 12:31:00 +0000 2018,Ripple (XRP) Gains 21% in Market-wide Recovery  Overtakes Ethereum as 2nd Biggest Crypto | Source: @cryptocoinsnews https://t.co/ysfsWrFjOh,0
Tue Nov 27 12:26:33 +0000 2018,@XRPInformation @Ripple @TheBlock__ @NTmoney @XenophonD @mattturck @joshua_j_lim @arrington @zhusu @fundstrat‚Ä¶ https://t.co/r3QdzkGyLe,0
Tue Nov 27 12:22:05 +0000 2018,I liked a @YouTube video https://t.co/cZXdOy2M0Z Don't Lose Your XRP! What Are the Best Ripple XRP Wallets?,0
Tue Nov 27 12:20:20 +0000 2018,This is a really good thread about Ripple. @mdudas persuasive here that Ripple created XRP  and that XRP bears the‚Ä¶ https://t.co/qntcJN1PeN,16
Tue Nov 27 12:19:37 +0000 2018,I liked a @YouTube video https://t.co/nGLB6mAAb7 Gold's History Holds Secret Of The Coming Ripple XRP Crypto Boom,0
Tue Nov 27 12:09:13 +0000 2018,Ripple XRP Price Analysis Nov.26: After The Correction  Is XRP Following Bitcoin‚Äôs¬†Bears? https://t.co/wglQyjCgU5 https://t.co/Ga2DK3c17i,0
Tue Nov 27 11:58:51 +0000 2018,"@Ripple ‚Äôs version 4.0 of #xCurrent has been positioned as the main rival of SWIFT  and it‚Äôs more closely integrat‚Ä¶ https://t.co/fiH8pzCUHb,17
Tue Nov 27 11:54:03 +0000 2018,„É™„ÉÉ„Éó„É´„ÄÅ„Éì„ÉÉ„Éà„Ç≥„Ç§„É≥„Å®„ÅÆ‰æ°Ê†ºÈÄ£Âãï„Åã„ÇâÁã¨Á´ãÔºÅ  1„É∂Êúà„ÄÅ3„É∂Êúà„ÄÅÂçäÂπ¥„ÅÆÊúüÈñì„ÇíÊØîËºÉ„Åó„Å¶XRP„Å®BTC„ÅÆ‰æ°Ê†ºÈÄ£Âãï„Çí„Ç§„Éº„Çµ„É™„Ç¢„É†„Å®„ÇÇÊØîËºÉ„Åô„ÇãÂΩ¢„ÅßÁ∞°Âçò„Å´ÂàÜÊûê„Åó„Åæ„Åó„Åü„ÄÇ  „Åù„ÅÜ„Åô„Çã„Å®„ÄÅÈù¢ÁôΩ„ÅÑÂÖÜÂÄô„ÅåË¶ã„Åà„Å¶„Åç„Åæ„Åó„Åü„ÄÇ„Åù„ÅÆÂÖÜÂÄô„Å®„ÅØÔºü https://t.co/t4o2Yo8HtX #‰ªÆÊÉ≥ÈÄöË≤®,0
Tue Nov 27 11:48:49 +0000 2018,Security token startup Securitize has raised $12.75 million in Series A funding backed by Coinbase Ventures and Rip‚Ä¶ https://t.co/yJHiEZIona,194
Tue Nov 27 11:44:48 +0000 2018,Security token startup Securitize has raised $12.75 million in Series A funding backed by Coinbase Ventures and Rip‚Ä¶ https://t.co/yJHiEZIona,194
Tue Nov 27 11:43:32 +0000 2018,Security token startup Securitize has raised $12.75 million in Series A funding backed by Coinbase Ventures and Rip‚Ä¶ https://t.co/yJHiEZIona,194
Tue Nov 27 11:34:00 +0000 2018,Ripple Is Making It Easier for Customers to Integrate XRP. They Aren‚Äôt Yet | Source: @coindesk https://t.co/IZbmw6Emd9,0
Tue Nov 27 11:32:04 +0000 2018,Ripple XRP Current Price: $0 348 1 Hour: -0.03 % | 24 Hours: -7.40 % | 7 Days: -23.93 % #xrp #ripple,0
Tue Nov 27 11:30:09 +0000 2018,Japan: Coincheck Completes Token Additions With Ripple  Factom Relaunch | Source: @Cointelegraph https://t.co/7dBYorTnBc,0
Tue Nov 27 11:26:38 +0000 2018,@Morning_Joe In addition to the loss of those nearly 15 000 high paying jobs at GM  there's the supply chains to co‚Ä¶ https://t.co/yRS5WFKt3o,0
Tue Nov 27 11:13:48 +0000 2018,Security token startup Securitize has raised $12.75 million in Series A funding backed by Coinbase Ventures and Rip‚Ä¶ https://t.co/yJHiEZIona,194
Tue Nov 27 11:05:32 +0000 2018,"@Ripple ‚Äôs version 4.0 of #xCurrent has been positioned as the main rival of SWIFT  and it‚Äôs more closely integrat‚Ä¶ https://t.co/fiH8pzCUHb,17
Tue Nov 27 10:55:43 +0000 2018,"@Ripple ‚Äôs version 4.0 of #xCurrent has been positioned as the main rival of SWIFT  and it‚Äôs more closely integrat‚Ä¶ https://t.co/fiH8pzCUHb,17
Tue Nov 27 10:49:58 +0000 2018,RT @MHiesboeck: How #Blockchain is Transforming Potato Security - Ripple XRP News   #Privacy #BigData #Security‚Ä¶ https://t.co/TyjU4zhyXT,3
Tue Nov 27 10:39:41 +0000 2018,"@Ripple ‚Äôs version 4.0 of #xCurrent has been positioned as the main rival of SWIFT  and it‚Äôs more closely integrat‚Ä¶ https://t.co/fiH8pzCUHb,17
Tue Nov 27 10:38:50 +0000 2018,@hendogbrown @Lichking78 @XrpBoy @xrp_news @BankXRP @XRPTrump @Ripple_EDU @C3_Nik @RippleAnon @XRPHODLER I stand si‚Ä¶ https://t.co/VLGMWRtckL,0
Tue Nov 27 10:32:04 +0000 2018,Ripple XRP Current Price: $0 349 1 Hour: 0.16 % | 24 Hours: -6.95 % | 7 Days: -24.17 % #xrp #ripple,0
Tue Nov 27 10:29:08 +0000 2018,"@Ripple ‚Äôs version 4.0 of #xCurrent has been positioned as the main rival of SWIFT  and it‚Äôs more closely integrat‚Ä¶ https://t.co/fiH8pzCUHb,17
Tue Nov 27 10:25:20 +0000 2018,"@Ripple ‚Äôs version 4.0 of #xCurrent has been positioned as the main rival of SWIFT  and it‚Äôs more closely integrat‚Ä¶ https://t.co/fiH8pzCUHb,17
Tue Nov 27 10:23:48 +0000 2018,"@Ripple ‚Äôs version 4.0 of #xCurrent has been positioned as the main rival of SWIFT  and it‚Äôs more closely integrat‚Ä¶ https://t.co/fiH8pzCUHb,17
Tue Nov 27 10:23:10 +0000 2018,"@Ripple ‚Äôs version 4.0 of #xCurrent has been positioned as the main rival of SWIFT  and it‚Äôs more closely integrat‚Ä¶ https://t.co/fiH8pzCUHb,17
Tue Nov 27 10:20:17 +0000 2018,"@Ripple ‚Äôs version 4.0 of #xCurrent has been positioned as the main rival of SWIFT  and it‚Äôs more closely integrat‚Ä¶ https://t.co/fiH8pzCUHb,17
Tue Nov 27 10:13:11 +0000 2018,People demanded instant payment !! @Ripple gave them instant settlement powered by #XRP !!!!!! Take a few moments t‚Ä¶ https://t.co/gTGgfj1FyT,36
Tue Nov 27 10:11:55 +0000 2018,People demanded instant payment !! @Ripple gave them instant settlement powered by #XRP !!!!!! Take a few moments t‚Ä¶ https://t.co/gTGgfj1FyT,36
Tue Nov 27 10:00:08 +0000 2018,People demanded instant payment !! @Ripple gave them instant settlement powered by #XRP !!!!!! Take a few moments t‚Ä¶ https://t.co/gTGgfj1FyT,36
Tue Nov 27 09:51:05 +0000 2018,"@Ripple... or $XRP...sorry"   üòäüòä https://t.co/Z4gSYj07lb,1
Tue Nov 27 09:39:51 +0000 2018,People demanded instant payment !! @Ripple gave them instant settlement powered by #XRP !!!!!! Take a few moments t‚Ä¶ https://t.co/gTGgfj1FyT,36
Tue Nov 27 09:36:05 +0000 2018,"@Ripple... or $XRP...sorry"   üòäüòä https://t.co/Z4gSYj07lb,1
Tue Nov 27 09:32:03 +0000 2018,Ripple XRP Current Price: $0 349 1 Hour: -0.69 % | 24 Hours: -6.88 % | 7 Days: -24.62 % #xrp #ripple,0
Tue Nov 27 09:23:25 +0000 2018,People demanded instant payment !! @Ripple gave them instant settlement powered by #XRP !!!!!! Take a few moments t‚Ä¶ https://t.co/gTGgfj1FyT,36
Tue Nov 27 09:23:03 +0000 2018,What To Do Now That Bitcoin And Ripple Are Crashing? $BTC.X $XRP.X https://t.co/Tpb6OqRk20,0
Tue Nov 27 09:20:40 +0000 2018,People demanded instant payment !! @Ripple gave them instant settlement powered by #XRP !!!!!! Take a few moments t‚Ä¶ https://t.co/gTGgfj1FyT,36
Tue Nov 27 09:18:35 +0000 2018,Honoured to be invited by @GlobalKNOMAD and @WorldBank who are pushing for cheaper and faster remittances. https://t.co/ePgTJpp9v9,228
Tue Nov 27 09:17:44 +0000 2018,Too Big To Fail: Is Ripple Gleaning Inspiration From Its Own Customers? $XRP.X $LTC.X https://t.co/NIhQb1ff1p,0
Tue Nov 27 08:57:18 +0000 2018,Security token startup Securitize has raised $12.75 million in Series A funding backed by Coinbase Ventures and Rip‚Ä¶ https://t.co/yJHiEZIona,194
Tue Nov 27 08:32:03 +0000 2018,Ripple XRP Current Price: $0 350 1 Hour: -1.40 % | 24 Hours: -6.88 % | 7 Days: -24.66 % #xrp #ripple,0
Tue Nov 27 08:29:16 +0000 2018,Security token startup Securitize has raised $12.75 million in Series A funding backed by Coinbase Ventures and Rip‚Ä¶ https://t.co/yJHiEZIona,194
Tue Nov 27 08:28:31 +0000 2018,Security token startup Securitize has raised $12.75 million in Series A funding backed by Coinbase Ventures and Rip‚Ä¶ https://t.co/yJHiEZIona,194
Tue Nov 27 08:28:16 +0000 2018,Security token startup Securitize has raised $12.75 million in Series A funding backed by Coinbase Ventures and Rip‚Ä¶ https://t.co/yJHiEZIona,194
Tue Nov 27 08:06:21 +0000 2018,Security token startup Securitize has raised $12.75 million in Series A funding backed by Coinbase Ventures and Rip‚Ä¶ https://t.co/yJHiEZIona,194
Tue Nov 27 07:32:43 +0000 2018,People demanded instant payment !! @Ripple gave them instant settlement powered by #XRP !!!!!! Take a few moments t‚Ä¶ https://t.co/gTGgfj1FyT,36
Tue Nov 27 07:32:05 +0000 2018,Ripple XRP Current Price: $0 356 1 Hour: 0.40 % | 24 Hours: -5.97 % | 7 Days: -24.12 % #xrp #ripple,0
Tue Nov 27 07:09:47 +0000 2018,Security token startup Securitize has raised $12.75 million in Series A funding backed by Coinbase Ventures and Rip‚Ä¶ https://t.co/yJHiEZIona,194
Tue Nov 27 07:09:09 +0000 2018,People demanded instant payment !! @Ripple gave them instant settlement powered by #XRP !!!!!! Take a few moments t‚Ä¶ https://t.co/gTGgfj1FyT,36
Tue Nov 27 07:06:03 +0000 2018,Ripple's new version of xCurrent offers easier integration with xRapid  the product that leverages XRP. But so far ‚Ä¶ https://t.co/uarqOTpDWU,194
Tue Nov 27 06:57:34 +0000 2018,People demanded instant payment !! @Ripple gave them instant settlement powered by #XRP !!!!!! Take a few moments t‚Ä¶ https://t.co/gTGgfj1FyT,36
Tue Nov 27 06:51:58 +0000 2018,Security token startup Securitize has raised $12.75 million in Series A funding backed by Coinbase Ventures and Rip‚Ä¶ https://t.co/yJHiEZIona,194
Tue Nov 27 06:51:41 +0000 2018,College students trying to figure out how to flip an F to an A in a week https://t.co/l149BVbvof,9422
Tue Nov 27 06:50:24 +0000 2018,Security token startup Securitize has raised $12.75 million in Series A funding backed by Coinbase Ventures and Rip‚Ä¶ https://t.co/yJHiEZIona,194
Tue Nov 27 06:39:49 +0000 2018,Security token startup Securitize has raised $12.75 million in Series A funding backed by Coinbase Ventures and Rip‚Ä¶ https://t.co/yJHiEZIona,194
Tue Nov 27 06:35:12 +0000 2018,Honoured to host delegation from Tajima Shinkin and Banshu Shinkin Banks from #Japan in @Ripple #NYC offices today! https://t.co/DtzDrHYCTe,275
Tue Nov 27 06:32:03 +0000 2018,Ripple XRP Current Price: $0 354 1 Hour: -0.05 % | 24 Hours: -5.86 % | 7 Days: -24.90 % #xrp #ripple,0
Tue Nov 27 06:29:28 +0000 2018,People demanded instant payment !! @Ripple gave them instant settlement powered by #XRP !!!!!! Take a few moments t‚Ä¶ https://t.co/gTGgfj1FyT,36
Tue Nov 27 06:22:44 +0000 2018,Security token startup Securitize has raised $12.75 million in Series A funding backed by Coinbase Ventures and Rip‚Ä¶ https://t.co/yJHiEZIona,194
Tue Nov 27 06:13:10 +0000 2018,Security token startup Securitize has raised $12.75 million in Series A funding backed by Coinbase Ventures and Rip‚Ä¶ https://t.co/yJHiEZIona,194
Tue Nov 27 06:09:07 +0000 2018,Security token startup Securitize has raised $12.75 million in Series A funding backed by Coinbase Ventures and Rip‚Ä¶ https://t.co/yJHiEZIona,194
Tue Nov 27 06:02:58 +0000 2018,People demanded instant payment !! @Ripple gave them instant settlement powered by #XRP !!!!!! Take a few moments t‚Ä¶ https://t.co/gTGgfj1FyT,36
Tue Nov 27 05:42:03 +0000 2018,People demanded instant payment !! @Ripple gave them instant settlement powered by #XRP !!!!!! Take a few moments t‚Ä¶ https://t.co/gTGgfj1FyT,36
Tue Nov 27 05:35:03 +0000 2018,Ripple's new version of xCurrent offers easier integration with xRapid  the product that leverages XRP. But so far ‚Ä¶ https://t.co/uarqOTpDWU,194
Tue Nov 27 05:32:07 +0000 2018,Security token startup Securitize has raised $12.75 million in Series A funding backed by Coinbase Ventures and Rip‚Ä¶ https://t.co/yJHiEZIona,194
Tue Nov 27 05:32:03 +0000 2018,Ripple XRP Current Price: $0 354 1 Hour: 1.02 % | 24 Hours: -5.18 % | 7 Days: -25.37 % #xrp #ripple,0
Tue Nov 27 05:31:56 +0000 2018,Security token startup Securitize has raised $12.75 million in Series A funding backed by Coinbase Ventures and Rip‚Ä¶ https://t.co/yJHiEZIona,194
Tue Nov 27 05:30:40 +0000 2018,This is a really good thread about Ripple. @mdudas persuasive here that Ripple created XRP  and that XRP bears the‚Ä¶ https://t.co/qntcJN1PeN,16
Tue Nov 27 05:28:35 +0000 2018,This is a really good thread about Ripple. @mdudas persuasive here that Ripple created XRP  and that XRP bears the‚Ä¶ https://t.co/qntcJN1PeN,16
Tue Nov 27 05:26:38 +0000 2018,Security token startup Securitize has raised $12.75 million in Series A funding backed by Coinbase Ventures and Rip‚Ä¶ https://t.co/yJHiEZIona,194
Tue Nov 27 05:25:15 +0000 2018,Security token startup Securitize has raised $12.75 million in Series A funding backed by Coinbase Ventures and Rip‚Ä¶ https://t.co/yJHiEZIona,194
Tue Nov 27 05:22:02 +0000 2018,People demanded instant payment !! @Ripple gave them instant settlement powered by #XRP !!!!!! Take a few moments t‚Ä¶ https://t.co/gTGgfj1FyT,36
Tue Nov 27 05:19:41 +0000 2018,Security token startup Securitize has raised $12.75 million in Series A funding backed by Coinbase Ventures and Rip‚Ä¶ https://t.co/yJHiEZIona,194
Tue Nov 27 05:18:37 +0000 2018,This is a really good thread about Ripple. @mdudas persuasive here that Ripple created XRP  and that XRP bears the‚Ä¶ https://t.co/qntcJN1PeN,16
Tue Nov 27 05:17:17 +0000 2018,Security token startup Securitize has raised $12.75 million in Series A funding backed by Coinbase Ventures and Rip‚Ä¶ https://t.co/yJHiEZIona,194
Tue Nov 27 05:17:16 +0000 2018,This is a really good thread about Ripple. @mdudas persuasive here that Ripple created XRP  and that XRP bears the‚Ä¶ https://t.co/qntcJN1PeN,16
Tue Nov 27 05:16:48 +0000 2018,This is a really good thread about Ripple. @mdudas persuasive here that Ripple created XRP  and that XRP bears the‚Ä¶ https://t.co/qntcJN1PeN,16
Tue Nov 27 05:15:55 +0000 2018,Could Ripple Surpass Bitcoin In Total Market Cap? https://t.co/fjtL8SYfpp,1
Tue Nov 27 05:14:58 +0000 2018,People demanded instant payment !! @Ripple gave them instant settlement powered by #XRP !!!!!! Take a few moments t‚Ä¶ https://t.co/gTGgfj1FyT,36
Tue Nov 27 05:14:00 +0000 2018,Could Ripple Surpass Bitcoin In Total Market Cap? https://t.co/fjtL8SYfpp,1
Tue Nov 27 05:13:05 +0000 2018,This is a really good thread about Ripple. @mdudas persuasive here that Ripple created XRP  and that XRP bears the‚Ä¶ https://t.co/qntcJN1PeN,16
Tue Nov 27 05:11:48 +0000 2018,People demanded instant payment !! @Ripple gave them instant settlement powered by #XRP !!!!!! Take a few moments t‚Ä¶ https://t.co/gTGgfj1FyT,36
Tue Nov 27 05:00:48 +0000 2018,People demanded instant payment !! @Ripple gave them instant settlement powered by #XRP !!!!!! Take a few moments t‚Ä¶ https://t.co/gTGgfj1FyT,36
Tue Nov 27 04:51:20 +0000 2018,Ripple's new version of xCurrent offers easier integration with xRapid  the product that leverages XRP. But so far ‚Ä¶ https://t.co/uarqOTpDWU,194
Tue Nov 27 04:50:46 +0000 2018,RT @MHiesboeck: How #Blockchain is Transforming Potato Security - Ripple XRP News   #Privacy #BigData #Security‚Ä¶ https://t.co/TyjU4zhyXT,3
Tue Nov 27 04:41:31 +0000 2018,Security token startup Securitize has raised $12.75 million in Series A funding backed by Coinbase Ventures and Rip‚Ä¶ https://t.co/yJHiEZIona,194
Tue Nov 27 04:37:28 +0000 2018,Ripple's new version of xCurrent offers easier integration with xRapid  the product that leverages XRP. But so far ‚Ä¶ https://t.co/uarqOTpDWU,194
Tue Nov 27 04:34:43 +0000 2018,RT @MHiesboeck: How #Blockchain is Transforming Potato Security - Ripple XRP News   #Privacy #BigData #Security‚Ä¶ https://t.co/TyjU4zhyXT,3
Tue Nov 27 04:32:08 +0000 2018,What to do now that Bitcoin and Ripple are Crashing? #bitcoin #ripple #BTC #XRP #cryptocurrencies‚Ä¶ https://t.co/2KwDIYtptf,0
Tue Nov 27 04:32:03 +0000 2018,Ripple XRP Current Price: $0 351 1 Hour: -0.25 % | 24 Hours: -5.97 % | 7 Days: -26.41 % #xrp #ripple,0
Tue Nov 27 04:31:11 +0000 2018,People demanded instant payment !! @Ripple gave them instant settlement powered by #XRP !!!!!! Take a few moments t‚Ä¶ https://t.co/gTGgfj1FyT,36
Tue Nov 27 04:30:07 +0000 2018,RT @MHiesboeck: How #Blockchain is Transforming Potato Security - Ripple XRP News   #Privacy #BigData #Security‚Ä¶ https://t.co/TyjU4zhyXT,3
Tue Nov 27 04:25:25 +0000 2018,Security token startup Securitize has raised $12.75 million in Series A funding backed by Coinbase Ventures and Rip‚Ä¶ https://t.co/yJHiEZIona,194
Tue Nov 27 04:24:57 +0000 2018,Too Big to Fail: Is Ripple Gleaning Inspiration from its Own Customers? #Ripple #XRP #Litecoin #LTC‚Ä¶ https://t.co/ZPZtp4Hodg,0
Tue Nov 27 04:16:24 +0000 2018,@shane_voorheis @JRAmbassadorXRP @shane_voorheis FYI - Ripple is the name of the company and XRP is the symbol. Sam‚Ä¶ https://t.co/QR1gIRguVb,0
Tue Nov 27 04:16:12 +0000 2018,People demanded instant payment !! @Ripple gave them instant settlement powered by #XRP !!!!!! Take a few moments t‚Ä¶ https://t.co/gTGgfj1FyT,36
Tue Nov 27 04:13:18 +0000 2018,Ripple's new version of xCurrent offers easier integration with xRapid  the product that leverages XRP. But so far ‚Ä¶ https://t.co/uarqOTpDWU,194
Tue Nov 27 04:11:51 +0000 2018,Security token startup Securitize has raised $12.75 million in Series A funding backed by Coinbase Ventures and Rip‚Ä¶ https://t.co/yJHiEZIona,194
Tue Nov 27 04:10:40 +0000 2018,Security token startup Securitize has raised $12.75 million in Series A funding backed by Coinbase Ventures and Rip‚Ä¶ https://t.co/yJHiEZIona,194
Tue Nov 27 04:05:36 +0000 2018,People demanded instant payment !! @Ripple gave them instant settlement powered by #XRP !!!!!! Take a few moments t‚Ä¶ https://t.co/gTGgfj1FyT,36
Tue Nov 27 04:04:37 +0000 2018,People demanded instant payment !! @Ripple gave them instant settlement powered by #XRP !!!!!! Take a few moments t‚Ä¶ https://t.co/gTGgfj1FyT,36
Tue Nov 27 04:04:14 +0000 2018,Security token startup Securitize has raised $12.75 million in Series A funding backed by Coinbase Ventures and Rip‚Ä¶ https://t.co/yJHiEZIona,194
Tue Nov 27 04:03:55 +0000 2018,Security token startup Securitize has raised $12.75 million in Series A funding backed by Coinbase Ventures and Rip‚Ä¶ https://t.co/yJHiEZIona,194
Tue Nov 27 04:01:52 +0000 2018,People demanded instant payment !! @Ripple gave them instant settlement powered by #XRP !!!!!! Take a few moments t‚Ä¶ https://t.co/gTGgfj1FyT,36
Tue Nov 27 03:58:46 +0000 2018,@Localcoinswap_ @Ripple Thank you https://t.co/NwlOp9NwBX,0
Tue Nov 27 03:52:29 +0000 2018,People demanded instant payment !! @Ripple gave them instant settlement powered by #XRP !!!!!! Take a few moments t‚Ä¶ https://t.co/gTGgfj1FyT,36
Tue Nov 27 03:50:05 +0000 2018,Security token startup Securitize has raised $12.75 million in Series A funding backed by Coinbase Ventures and Rip‚Ä¶ https://t.co/yJHiEZIona,194
Tue Nov 27 03:45:49 +0000 2018,Be Careful and ‚ÄúDollar Cost Average‚Äù your purchases. Ripple has dipped close to the first support at $0.37. If this‚Ä¶ https://t.co/C0c3hMDeS9,9
Tue Nov 27 03:43:42 +0000 2018,Security token startup Securitize has raised $12.75 million in Series A funding backed by Coinbase Ventures and Rip‚Ä¶ https://t.co/yJHiEZIona,194
Tue Nov 27 03:33:47 +0000 2018,Ripple's new version of xCurrent offers easier integration with xRapid  the product that leverages XRP. But so far ‚Ä¶ https://t.co/uarqOTpDWU,194
Tue Nov 27 03:32:02 +0000 2018,Ripple XRP Current Price: $0 351 1 Hour: 0.63 % | 24 Hours: -6.32 % | 7 Days: -26.92 % #xrp #ripple,0
Tue Nov 27 03:30:01 +0000 2018,Ripple‚Äôs new xCurrent version will make the switch to xRapid and XRP even easier | Source: @captainaltcoin https://t.co/68GFyprqHa,0
Tue Nov 27 03:27:35 +0000 2018,@allbombs gone down both paths - yes. i don't blame investors for enjoying the strategy  but when a founder thinks‚Ä¶ https://t.co/9LQ0Idi0Hh,0
Tue Nov 27 03:27:13 +0000 2018,Security token startup Securitize has raised $12.75 million in Series A funding backed by Coinbase Ventures and Rip‚Ä¶ https://t.co/yJHiEZIona,194
Tue Nov 27 03:27:12 +0000 2018,In 1991  almost 20 years before Satoshi Nakamoto  Ripple's chief cryptographer  @JoelKatz  was granted this patent‚Ä¶ https://t.co/OA0RkxWu2x,246
Tue Nov 27 03:26:35 +0000 2018,@LauraMLippman @AoDespair Ripple? Old English?,0
Tue Nov 27 03:22:52 +0000 2018,#XRPcommunity look I found a huge pile of ripple https://t.co/nNjcuZ8RVQ,0
Tue Nov 27 03:22:26 +0000 2018,@Matt_Mahn1 Look at this huge pile of #Ripple https://t.co/uf6PHAMIXO,0
Tue Nov 27 03:16:15 +0000 2018,Security token startup Securitize has raised $12.75 million in Series A funding backed by Coinbase Ventures and Rip‚Ä¶ https://t.co/yJHiEZIona,194
Tue Nov 27 03:11:07 +0000 2018,Security token startup Securitize has raised $12.75 million in Series A funding backed by Coinbase Ventures and Rip‚Ä¶ https://t.co/yJHiEZIona,194
Tue Nov 27 03:06:00 +0000 2018,Security token startup Securitize has raised $12.75 million in Series A funding backed by Coinbase Ventures and Rip‚Ä¶ https://t.co/yJHiEZIona,194
Tue Nov 27 03:00:09 +0000 2018,#xrpthestandard !!! The world is transitioning and @Ripple is taking the lead with #XRP !! https://t.co/bXjWo24o8v,0
Tue Nov 27 02:56:11 +0000 2018,Security token startup Securitize has raised $12.75 million in Series A funding backed by Coinbase Ventures and Rip‚Ä¶ https://t.co/yJHiEZIona,194
Tue Nov 27 02:55:18 +0000 2018,@Chaseemmert7 @MikeNardolillo @mdudas @Ripple That‚Äôs not correct. This isn‚Äôt the stock market. These are commoditie‚Ä¶ https://t.co/9ZtgQyIX2K,0
Tue Nov 27 02:54:56 +0000 2018,Security token startup Securitize has raised $12.75 million in Series A funding backed by Coinbase Ventures and Rip‚Ä¶ https://t.co/yJHiEZIona,194
Tue Nov 27 02:53:32 +0000 2018,@Chaseemmert7 @MikeNardolillo @mdudas @Ripple That‚Äôs not a profit. The are a corporation with expenses and liabilit‚Ä¶ https://t.co/NYfw1MdSgJ,0
Tue Nov 27 02:43:36 +0000 2018,@Chaseemmert7 @MikeNardolillo @mdudas @Ripple What profits? Ripple reports massive profits?,0
Tue Nov 27 02:40:38 +0000 2018,Security token startup Securitize has raised $12.75 million in Series A funding backed by Coinbase Ventures and Rip‚Ä¶ https://t.co/yJHiEZIona,194
Tue Nov 27 02:37:16 +0000 2018,Wait till the families of the 15 000 about to be laid off by Chevrolet start to feel it. That has a ripple effect.‚Ä¶ https://t.co/26rn5dwdsW,0
Tue Nov 27 02:36:31 +0000 2018,@Chaseemmert7 @MikeNardolillo @mdudas @Ripple The disgusting behavior is you calling everyone liars and cheaters. D‚Ä¶ https://t.co/HZHuISF4CS,0
Tue Nov 27 02:36:13 +0000 2018,Ripple's new version of xCurrent offers easier integration with xRapid  the product that leverages XRP. But so far ‚Ä¶ https://t.co/uarqOTpDWU,194
Tue Nov 27 02:34:39 +0000 2018,@Chaseemmert7 @MikeNardolillo @mdudas @Ripple Again here it is and you just don‚Äôt get it. We‚Äôre not lying to people‚Ä¶ https://t.co/7LXsdySTJ7,0
Tue Nov 27 02:33:12 +0000 2018,@Chaseemmert7 @MikeNardolillo @mdudas @Ripple God controls everything. Just like how rich the Vatican is and how rich Churches are.,0
Tue Nov 27 02:32:02 +0000 2018,Ripple XRP Current Price: $0 349 1 Hour: -0.63 % | 24 Hours: -7.20 % | 7 Days: -28.04 % #xrp #ripple,0
Tue Nov 27 02:26:47 +0000 2018,Security token startup Securitize has raised $12.75 million in Series A funding backed by Coinbase Ventures and Rip‚Ä¶ https://t.co/yJHiEZIona,194
Tue Nov 27 02:23:09 +0000 2018,@Chaseemmert7 @MikeNardolillo @mdudas @Ripple Is that what justifies your disgusting behavior? Convenient,0
Tue Nov 27 02:13:42 +0000 2018,#truth #knowledge #bitcoin #cryptocurrency #ethereum #ripple #Litecoin #stocks https://t.co/VZIsn3m3Nu,0
Tue Nov 27 02:08:31 +0000 2018,@Chaseemmert7 @MikeNardolillo @mdudas @Ripple Convenient that you just start spewing scripture &amp; completely ignore‚Ä¶ https://t.co/HUSLsP0VLa,0
Tue Nov 27 02:06:32 +0000 2018,@Chaseemmert7 @MikeNardolillo @mdudas @Ripple What are u talking about? I‚Äôm doing just fine buddy  I have no compla‚Ä¶ https://t.co/ckVXVfOncE,0
Tue Nov 27 02:00:36 +0000 2018,David Schwartz of Ripple fame and XRP‚Äôs market dynamics | Source: @Coin_Report https://t.co/YkRx5WNgcS,1
Tue Nov 27 01:56:54 +0000 2018,@JBryanEure @SarahMaslinNir Also  it was black and brown queer people who were trans who started the uprising at St‚Ä¶ https://t.co/QVeVpxk0pr,0
Tue Nov 27 01:55:39 +0000 2018,Ripple's new version of xCurrent offers easier integration with xRapid  the product that leverages XRP. But so far ‚Ä¶ https://t.co/uarqOTpDWU,194
Tue Nov 27 01:53:56 +0000 2018,Ripple's new version of xCurrent offers easier integration with xRapid  the product that leverages XRP. But so far ‚Ä¶ https://t.co/uarqOTpDWU,194
Tue Nov 27 01:53:39 +0000 2018,Security token startup Securitize has raised $12.75 million in Series A funding backed by Coinbase Ventures and Rip‚Ä¶ https://t.co/yJHiEZIona,194
Tue Nov 27 01:49:49 +0000 2018,Ripple's new version of xCurrent offers easier integration with xRapid  the product that leverages XRP. But so far ‚Ä¶ https://t.co/uarqOTpDWU,194
Tue Nov 27 01:44:53 +0000 2018,Security token startup Securitize has raised $12.75 million in Series A funding backed by Coinbase Ventures and Rip‚Ä¶ https://t.co/yJHiEZIona,194
Tue Nov 27 01:38:19 +0000 2018,Security token startup Securitize has raised $12.75 million in Series A funding backed by Coinbase Ventures and Rip‚Ä¶ https://t.co/yJHiEZIona,194
Tue Nov 27 01:32:06 +0000 2018,Ripple XRP Current Price: $0 351 1 Hour: -0.55 % | 24 Hours: -7.21 % | 7 Days: -28.07 % #xrp #ripple,0
Tue Nov 27 01:25:32 +0000 2018,I liked a @YouTube video https://t.co/y9V7KvMfsm Xrp Zoo LIVE STREAM hang out  chat and discussion with @WanderingWare #ripple,0
Tue Nov 27 01:24:37 +0000 2018,Ripple's new version of xCurrent offers easier integration with xRapid  the product that leverages XRP. But so far ‚Ä¶ https://t.co/uarqOTpDWU,194
Tue Nov 27 01:12:18 +0000 2018,Ripple's new version of xCurrent offers easier integration with xRapid  the product that leverages XRP. But so far ‚Ä¶ https://t.co/uarqOTpDWU,194
Tue Nov 27 01:10:32 +0000 2018,Ripple's new version of xCurrent offers easier integration with xRapid  the product that leverages XRP. But so far ‚Ä¶ https://t.co/uarqOTpDWU,194
Tue Nov 27 01:03:08 +0000 2018,Ripple's new version of xCurrent offers easier integration with xRapid  the product that leverages XRP. But so far ‚Ä¶ https://t.co/uarqOTpDWU,194
Tue Nov 27 00:41:56 +0000 2018,Ripple's new version of xCurrent offers easier integration with xRapid  the product that leverages XRP. But so far ‚Ä¶ https://t.co/uarqOTpDWU,194
Tue Nov 27 00:33:04 +0000 2018,Security token startup Securitize has raised $12.75 million in Series A funding backed by Coinbase Ventures and Rip‚Ä¶ https://t.co/yJHiEZIona,194
Tue Nov 27 00:32:06 +0000 2018,Ripple XRP Current Price: $0 353 1 Hour: 0.31 % | 24 Hours: -6.51 % | 7 Days: -27.66 % #xrp #ripple,0
Tue Nov 27 00:30:09 +0000 2018,Top 5 Crypto Performers Overview: XEM  Ripple  EOS  Bitcoin  IOTA | Source: @Cointelegraph https://t.co/6TmmhkVt2G,0
Tue Nov 27 00:11:10 +0000 2018,Security token startup Securitize has raised $12.75 million in Series A funding backed by Coinbase Ventures and Rip‚Ä¶ https://t.co/yJHiEZIona,194
Tue Nov 27 00:08:43 +0000 2018,Ripple‚Äôs changing narrative around the creation of $XRP https://t.co/PQmo23KWQU,63
Tue Nov 27 00:08:17 +0000 2018,Ripple's new version of xCurrent offers easier integration with xRapid  the product that leverages XRP. But so far ‚Ä¶ https://t.co/uarqOTpDWU,194
Tue Nov 27 00:03:30 +0000 2018,Ripple's new version of xCurrent offers easier integration with xRapid  the product that leverages XRP. But so far ‚Ä¶ https://t.co/uarqOTpDWU,194
Tue Nov 27 00:01:24 +0000 2018,Security token startup Securitize has raised $12.75 million in Series A funding backed by Coinbase Ventures and Rip‚Ä¶ https://t.co/yJHiEZIona,194
Tue Nov 27 00:00:45 +0000 2018,Security token startup Securitize has raised $12.75 million in Series A funding backed by Coinbase Ventures and Rip‚Ä¶ https://t.co/yJHiEZIona,194
